,AA,AAindCodonDiv_5A_avg,AAindCodonDiv_5A_sum,AAindCodonDiv_global_avg,AAindCodonDiv_global_sum,AAindCodonDiv_res,AAindElecCharge_5A_avg,AAindElecCharge_5A_sum,AAindElecCharge_global_avg,AAindElecCharge_global_sum,AAindElecCharge_res,AAindMolVol_5A_avg,AAindMolVol_5A_sum,AAindMolVol_global_avg,AAindMolVol_global_sum,AAindMolVol_res,AAindPolarity_5A_avg,AAindPolarity_5A_sum,AAindPolarity_global_avg,AAindPolarity_global_sum,AAindPolarity_res,AAindSS_5A_avg,AAindSS_5A_sum,AAindSS_global_avg,AAindSS_global_sum,AAindSS_res,Arg_5A_avg,Arg_5A_sum,Arg_global_avg,Arg_global_sum,Arg_res,CO_5A_avg,CO_5A_sum,CO_global_avg,CO_global_sum,CO_res,CU_5A_avg,CU_5A_sum,CU_global_avg,CU_global_sum,CU_res,FE_5A_avg,FE_5A_sum,FE_global_avg,FE_global_sum,FE_res,K_5A_avg,K_5A_sum,K_global_avg,K_global_sum,K_res,Lys_5A_avg,Lys_5A_sum,Lys_global_avg,Lys_global_sum,Lys_res,MG_res,MN_5A_avg,MN_5A_sum,MN_global_avg,MN_global_sum,MN_res,MO_5A_avg,MO_5A_sum,MO_global_avg,MO_global_sum,MO_res,M_5A_avg,M_5A_sum,M_global_avg,M_global_sum,M_res,NA_5A_avg,NA_5A_sum,NA_global_avg,NA_global_sum,NA_res,NI_5A_avg,NI_5A_sum,NI_global_avg,NI_global_sum,NI_res,OHRxnConst_5A_avg,OHRxnConst_5A_sum,OHRxnConst_global_avg,OHRxnConst_global_sum,OHRxnConst_res,Position,Pro_5A_avg,Pro_5A_sum,Pro_global_avg,Pro_global_sum,Pro_res,Protein,RPKT_5A_avg,RPKT_5A_sum,RPKT_global_avg,RPKT_global_sum,RPKT_res,SS_5A_avg,SS_5A_sum,SS_global_avg,SS_global_sum,SS_res,Thr_5A_avg,Thr_5A_sum,Thr_global_avg,Thr_global_sum,Thr_res,ZN_5A_avg,ZN_5A_sum,ZN_global_avg,ZN_global_sum,ZN_res,areaSAS_5A_avg,areaSAS_5A_sum,areaSAS_global_avg,areaSAS_global_sum,areaSAS_res,avgMetals_5A_avg,circularVariance_5A_avg,circularVariance_5A_sum,circularVariance_global_avg,circularVariance_global_sum,circularVariance_res,contacts_5A_sum,contacts_global_sum,contacts_res,depth_5A_avg,depth_5A_sum,depth_global_avg,depth_global_sum,depth_res,disordScore_5A_avg,disordScore_5A_sum,disordScore_global_avg,disordScore_global_sum,disordScore_res,disord_5A_avg,disord_5A_sum,disord_global_avg,disord_global_sum,disord_res,helix_5A_avg,helix_5A_sum,helix_global_avg,helix_global_sum,helix_res,hydro_5A_avg,hydro_5A_sum,hydro_global_avg,hydro_global_sum,hydro_res,negCharge_5A_avg,negCharge_5A_sum,negCharge_global_avg,negCharge_global_sum,negCharge_res,netCharge_5A_avg,netCharge_5A_sum,netCharge_global_avg,netCharge_global_sum,netCharge_res,posCharge_5A_avg,posCharge_5A_sum,posCharge_global_avg,posCharge_global_sum,posCharge_res,protBindDISOPREDscore_5A_avg,protBindDISOPREDscore_5A_sum,protBindDISOPREDscore_global_avg,protBindDISOPREDscore_global_sum,protBindDISOPREDscore_res,protBindSPPIDER_5A_avg,protBindSPPIDER_5A_sum,protBindSPPIDER_global_avg,protBindSPPIDER_global_sum,protBindSPPIDER_res,reactivity_5A_avg,reactivity_5A_sum,reactivity_global_avg,reactivity_global_sum,reactivity_res,sheet_5A_avg,sheet_5A_sum,sheet_global_avg,sheet_global_sum,sheet_res,sumMetals_5A_sum,sumMetals_global_avg,sumMetals_global_sum,sumMetals_res,surfC_5A_avg,surfC_5A_sum,surfC_global_avg,surfC_global_sum,surfC_res,surfMC_5A_avg,surfMC_5A_sum,surfMC_global_avg,surfMC_global_sum,surfMC_res,surfM_5A_avg,surfM_5A_sum,surfM_global_avg,surfM_global_sum,surfM_res
#0:1002.A K CE,K,0.28774999999999995,1.1509999999999998,-0.0561306122448978,-13.751999999999962,-0.277,-0.9745,-3.898,-0.0487551020408163,-11.944999999999995,1.648,-1.564,-6.256,0.09882040816326544,24.211000000000034,0.533,0.51275,2.051,-0.043473469387755106,-10.651000000000002,1.831,0.20875,0.835,-0.1832163265306124,-44.88800000000004,-0.561,0,0,0,11,0,0,0,0,0,0,0,0,0,0,0,0,0,0,0,0,0,0,0,0,0,0,1,0,8,1,0,0,0,0,0,0,0,0,0,0,0,,,,,,0,0,0,0,0,0,0,0,0,0,2352500000,9410000000,2846718367,697446000000,340000000,1002.A,0,0,0,16,0,1sfn_A.pdb,0,1,0,48,1,0,3,0,127,1,0,0,0,13,0,0,0,0,0,0,108.55203379840532,434.2081351936213,46.09739684761551,11293.862227665799,127.29600434843451,2,,,,,,4,245,1,,,,,1.7,,,,,,,,,,,0,3,0,10,1,-2.25,-9.0,-0.1832653061224491,-44.90000000000003,-3.9,-1,-1,-1,-29,0,0,0,-1,-10,1,0,1,0,19,1,,,,,,,,,,,0.25230285825,1.009211433,0.20207924901224475,49.50941600799997,1.009211433,0,0,0,117,0,9,0,9,,,,,,,,,,,,,,,,
#0:1007.A T CB,T,0.44987499999999997,3.5989999999999998,-0.0561306122448978,-13.751999999999962,0.908,-0.004125000000000045,-0.03300000000000036,-0.0487551020408163,-11.944999999999995,1.313,-0.0014999999999999458,-0.011999999999999567,0.09882040816326544,24.211000000000034,2.213,0.180875,1.447,-0.043473469387755106,-10.651000000000002,-0.032,0.514375,4.115,-0.1832163265306124,-44.88800000000004,0.326,0,1,0,11,0,0,0,0,0,0,0,0,0,0,0,0,0,0,0,0,0,0,0,0,0,0,0,0,8,0,0,0,0,0,0,0,0,0,0,0,0,,,,,,0,0,0,0,0,0,0,0,0,0,767125000,6137000000,2846718367,697446000000,510000000,1007.A,0,0,0,16,0,1sfn_A.pdb,0,4,0,48,1,0,4,0,127,0,0,3,0,13,1,0,0,0,0,0,60.659524421374954,485.27619537099963,46.09739684761551,11293.862227665799,64.16645850613713,1,,,,,,8,245,1,,,,,2.0256,,,,,,,,,,,0,4,0,10,0,-1.8499999999999999,-14.799999999999999,-0.1832653061224491,-44.90000000000003,-0.7,-1,-1,-1,-29,0,0,0,-1,-10,0,0,1,0,19,0,,,,,,,,,,,0.42386610550000003,3.3909288440000003,0.20207924901224475,49.50941600799997,0.830171969,0,0,0,117,0,9,0,9,,,,,,,,,,,,,,,,
#0:1008.A R CD,R,-0.2632500000000001,-1.0530000000000004,-0.0561306122448978,-13.751999999999962,0.67,-0.8427499999999999,-3.3709999999999996,-0.0487551020408163,-11.944999999999995,-2.647,-1.22,-4.88,0.09882040816326544,24.211000000000034,-4.76,0.019000000000000017,0.07600000000000007,-0.043473469387755106,-10.651000000000002,-0.228,0.38875000000000004,1.5550000000000002,-0.1832163265306124,-44.88800000000004,1.399,0,1,0,11,1,0,0,0,0,0,0,0,0,0,0,0,0,0,0,0,0,0,0,0,0,0,0,0,8,0,0,0,0,0,0,0,0,0,0,0,0,,,,,,0,0,0,0,0,0,0,0,0,0,1312500000,5250000000,2846718367,697446000000,3500000000,1008.A,0,1,0,16,0,1sfn_A.pdb,0,3,0,48,1,0,3,0,127,0,0,1,0,13,0,0,0,0,0,0,42.29978186497465,169.1991274598986,46.09739684761551,11293.862227665799,89.21394428610802,2,,,,,,4,245,1,,,,,1.7,,,,,,,,,,,0,1,0,10,0,-0.6499999999999999,-2.5999999999999996,-0.1832653061224491,-44.90000000000003,-4.5,0,0,-1,-29,0,0,1,-1,-10,1,0,1,0,19,1,,,,,,,,,,,0.7566922677500001,3.0267690710000004,0.20207924901224475,49.50941600799997,0.900412937,0,2,0,117,0,9,0,9,,,,,,,,,,,,,,,,
#0:1019.A T CB,T,-0.14722222222222225,-1.3250000000000002,-0.0561306122448978,-13.751999999999962,0.908,-0.3686666666666667,-3.3180000000000005,-0.0487551020408163,-11.944999999999995,1.313,-0.5574444444444444,-5.0169999999999995,0.09882040816326544,24.211000000000034,2.213,0.48055555555555557,4.325,-0.043473469387755106,-10.651000000000002,-0.032,0.028666666666666667,0.258,-0.1832163265306124,-44.88800000000004,0.326,0,1,0,11,0,0,0,0,0,0,0,0,0,0,0,0,0,0,0,0,0,0,0,0,0,0,0,0,8,0,0,0,0,0,0,0,0,0,0,0,0,,,,,,0,0,0,0,0,0,0,0,0,0,909444444,8185000000,2846718367,697446000000,510000000,1019.A,0,1,0,16,0,1sfn_A.pdb,0,4,0,48,1,0,6,0,127,1,0,2,0,13,1,0,0,0,0,0,37.07989018927846,333.7190117035061,46.09739684761551,11293.862227665799,0.0,1,,,,,,9,245,1,,,,,2.5989,,,,,,,,,,,0,4,0,10,1,-0.7333333333333334,-6.6000000000000005,-0.1832653061224491,-44.90000000000003,-0.7,-1,-2,-1,-29,0,-1,-1,-1,-10,0,0,1,0,19,0,,,,,,,,,,,0.4285490044444445,3.8569410400000006,0.20207924901224475,49.50941600799997,0.830171969,0,2,0,117,0,9,0,9,,,,,,,,,,,,,,,,
#0:1020.A P CD,P,0.012874999999999984,0.10299999999999987,-0.0561306122448978,-13.751999999999962,-0.503,-0.6084999999999999,-4.867999999999999,-0.0487551020408163,-11.944999999999995,-1.853,-0.772875,-6.183,0.09882040816326544,24.211000000000034,-3.005,0.25300000000000006,2.0240000000000005,-0.043473469387755106,-10.651000000000002,0.931,0.12999999999999998,1.0399999999999998,-0.1832163265306124,-44.88800000000004,-0.179,0,1,0,11,0,0,0,0,0,0,0,0,0,0,0,0,0,0,0,0,0,0,0,0,0,0,0,0,8,0,0,0,0,0,0,0,0,0,0,0,0,,,,,,0,0,0,0,0,0,0,0,0,0,1639000000,13112000000,2846718367,697446000000,480000000,1020.A,0,1,0,16,1,1sfn_A.pdb,0,3,0,48,1,0,5,0,127,1,0,1,0,13,0,0,0,0,0,0,37.3503740450833,298.8029923606664,46.09739684761551,11293.862227665799,55.46175915002823,1,,,,,,8,245,1,,,,,1.7,,,,,,,,,,,0,4,0,10,1,-0.8625000000000002,-6.900000000000001,-0.1832653061224491,-44.90000000000003,-1.6,-1,-2,-1,-29,0,-1,-1,-1,-10,0,0,1,0,19,0,,,,,,,,,,,0.37834613387500005,3.0267690710000004,0.20207924901224475,49.50941600799997,1.296184165,0,1,0,117,0,9,0,9,,,,,,,,,,,,,,,,
#0:1022.A T CB,T,0.3537142857142857,2.476,-0.0561306122448978,-13.751999999999962,0.908,0.797142857142857,5.579999999999999,-0.0487551020408163,-11.944999999999995,1.313,0.5917142857142856,4.1419999999999995,0.09882040816326544,24.211000000000034,2.213,0.3491428571428572,2.4440000000000004,-0.043473469387755106,-10.651000000000002,-0.032,0.3514285714285714,2.46,-0.1832163265306124,-44.88800000000004,0.326,0,0,0,11,0,0,0,0,0,0,0,0,0,0,0,0,0,0,0,0,0,0,0,0,0,0,0,0,8,0,0,0,0,0,0,0,0,0,0,0,0,,,,,,0,0,0,0,0,0,0,0,0,0,1482857142,10380000000,2846718367,697446000000,510000000,1022.A,0,0,0,16,0,1sfn_A.pdb,0,3,0,48,1,0,5,0,127,1,0,3,0,13,1,0,0,0,0,0,40.902379548709305,286.31665684096515,46.09739684761551,11293.862227665799,55.11695544794202,1,,,,,,7,245,1,,,,,1.7,,,,,,,,,,,0,4,0,10,1,0.12857142857142853,0.8999999999999997,-0.1832653061224491,-44.90000000000003,-0.7,-1,-1,-1,-29,0,-1,-1,-1,-10,0,0,0,0,19,0,,,,,,,,,,,0.3557879867142857,2.490515907,0.20207924901224475,49.50941600799997,0.830171969,0,1,0,117,0,9,0,9,,,,,,,,,,,,,,,,
#0:1025.A R CD,R,-0.20500000000000007,-1.2300000000000004,-0.0561306122448978,-13.751999999999962,0.67,-0.7231666666666666,-4.3389999999999995,-0.0487551020408163,-11.944999999999995,-2.647,-1.0791666666666666,-6.475,0.09882040816326544,24.211000000000034,-4.76,-0.2238333333333333,-1.3429999999999997,-0.043473469387755106,-10.651000000000002,-0.228,0.3448333333333333,2.069,-0.1832163265306124,-44.88800000000004,1.399,0,1,0,11,1,0,0,0,0,0,0,0,0,0,0,0,0,0,0,0,0,0,0,0,0,0,0,0,8,0,0,0,0,0,0,0,0,0,0,0,0,,,,,,0,0,0,0,0,0,0,0,0,0,1971166666,11827000000,2846718367,697446000000,3500000000,1025.A,0,0,0,16,0,1sfn_A.pdb,0,1,0,48,1,0,4,0,127,0,0,0,0,13,0,0,0,0,0,0,58.55803143993641,351.34818863961846,46.09739684761551,11293.862227665799,131.49708113167435,1,,,,,,6,245,1,,,,,1.7,,,,,,,,,,,0,1,0,10,0,0.8333333333333334,5.0,-0.1832653061224491,-44.90000000000003,-4.5,-1,-1,-1,-29,0,0,0,-1,-10,1,0,1,0,19,1,,,,,,,,,,,0.15006882283333334,0.900412937,0.20207924901224475,49.50941600799997,0.900412937,0,3,0,117,0,9,0,9,,,,,,,,,,,,,,,,
#0:1026.A T CB,T,-0.24316666666666673,-1.4590000000000003,-0.0561306122448978,-13.751999999999962,0.908,-0.08833333333333332,-0.5299999999999999,-0.0487551020408163,-11.944999999999995,1.313,-0.3436666666666666,-2.062,0.09882040816326544,24.211000000000034,2.213,-0.2955,-1.773,-0.043473469387755106,-10.651000000000002,-0.032,-0.2515,-1.5090000000000001,-0.1832163265306124,-44.88800000000004,0.326,0,1,0,11,0,0,0,0,0,0,0,0,0,0,0,0,0,0,0,0,0,0,0,0,0,0,0,0,8,0,0,0,0,0,0,0,0,0,0,0,0,,,,,,0,0,0,0,0,0,0,0,0,0,1391166666,8347000000,2846718367,697446000000,510000000,1026.A,0,0,0,16,0,1sfn_A.pdb,0,2,0,48,1,0,2,0,127,0,0,1,0,13,1,0,0,0,0,0,77.09439054395382,462.56634326372296,46.09739684761551,11293.862227665799,75.70903967320919,1,,,,,,6,245,1,,,,,1.7,,,,,,,,,,,0,0,0,10,0,1.5166666666666666,9.1,-0.1832653061224491,-44.90000000000003,-0.7,0,0,-1,-29,0,0,1,-1,-10,0,0,1,0,19,0,,,,,,,,,,,0.2884308176666667,1.730584906,0.20207924901224475,49.50941600799997,0.830171969,0,2,0,117,0,9,0,9,,,,,,,,,,,,,,,,
#0:1032.A P CD,P,0.3941111111111112,3.5470000000000006,-0.0561306122448978,-13.751999999999962,-0.503,-0.5671111111111112,-5.104000000000001,-0.0487551020408163,-11.944999999999995,-1.853,-0.4417777777777777,-3.9759999999999995,0.09882040816326544,24.211000000000034,-3.005,-0.22777777777777775,-2.05,-0.043473469387755106,-10.651000000000002,0.931,-0.27411111111111114,-2.467,-0.1832163265306124,-44.88800000000004,-0.179,0,0,0,11,0,0,0,0,0,0,0,0,0,0,0,0,0,0,0,0,0,0,0,0,0,0,0,0,8,0,0,0,0,0,0,0,0,0,0,0,0,,,,,,0,0,0,0,0,0,0,0,0,0,1847888888,16631000000,2846718367,697446000000,480000000,1032.A,0,1,0,16,1,1sfn_A.pdb,0,2,0,48,1,0,3,0,127,0,0,1,0,13,0,0,0,0,0,0,52.24225298910945,470.18027690198505,46.09739684761551,11293.862227665799,78.95112970471382,1,,,,,,9,245,1,,,,,1.7,,,,,,,,,,,0,0,0,10,0,-0.3555555555555558,-3.200000000000002,-0.1832653061224491,-44.90000000000003,-1.6,-1,-1,-1,-29,0,-1,-1,-1,-10,0,0,0,0,19,0,,,,,,,,,,,0.23626179266666666,2.126356134,0.20207924901224475,49.50941600799997,1.296184165,0,3,0,117,0,9,0,9,,,,,,,,,,,,,,,,
#0:1042.A P CD,P,-0.2925714285714286,-2.048,-0.0561306122448978,-13.751999999999962,-0.503,-0.07528571428571428,-0.5269999999999999,-0.0487551020408163,-11.944999999999995,-1.853,-0.4957142857142856,-3.4699999999999993,0.09882040816326544,24.211000000000034,-3.005,-0.2127142857142857,-1.4889999999999999,-0.043473469387755106,-10.651000000000002,0.931,-0.21857142857142864,-1.5300000000000005,-0.1832163265306124,-44.88800000000004,-0.179,0,0,0,11,0,0,0,0,0,0,0,0,0,0,0,0,0,0,0,0,0,0,0,0,0,0,0,0,8,0,0,0,0,0,0,0,0,0,0,0,0,,,,,,0,0,0,0,0,0,0,0,0,0,1493428571,10454000000,2846718367,697446000000,480000000,1042.A,0,1,0,16,1,1sfn_A.pdb,0,1,0,48,1,0,2,0,127,0,0,0,0,13,0,0,0,0,0,0,39.05451089057273,273.3815762340091,46.09739684761551,11293.862227665799,69.54455375671387,1,,,,,,7,245,1,,,,,1.7,,,,,,,,,,,0,0,0,10,0,2.5285714285714285,17.7,-0.1832653061224491,-44.90000000000003,-1.6,0,0,-1,-29,0,0,0,-1,-10,0,0,0,0,19,0,,,,,,,,,,,0.18516916642857145,1.296184165,0.20207924901224475,49.50941600799997,1.296184165,0,2,0,117,0,9,0,9,,,,,,,,,,,,,,,,
#0:1049.A R CD,R,0.396,1.584,-0.0561306122448978,-13.751999999999962,0.67,-1.4057499999999998,-5.622999999999999,-0.0487551020408163,-11.944999999999995,-2.647,-1.8145,-7.258,0.09882040816326544,24.211000000000034,-4.76,-0.19374999999999998,-0.7749999999999999,-0.043473469387755106,-10.651000000000002,-0.228,-0.04774999999999997,-0.1909999999999999,-0.1832163265306124,-44.88800000000004,1.399,0,1,0,11,1,0,0,0,0,0,0,0,0,0,0,0,0,0,0,0,0,0,0,0,0,0,0,0,8,0,0,0,0,0,0,0,0,0,0,0,0,,,,,,0,0,0,0,0,0,0,0,0,0,956000000,3824000000,2846718367,697446000000,3500000000,1049.A,0,0,0,16,0,1sfn_A.pdb,0,1,0,48,1,0,0,0,127,0,0,0,0,13,0,0,0,0,0,0,37.67632370069623,150.70529480278492,46.09739684761551,11293.862227665799,120.47960284352303,2,,,,,,4,245,1,,,,,1.7,,,,,,,,,,,0,0,0,10,0,-1.65,-6.6,-0.1832653061224491,-44.90000000000003,-4.5,-1,-1,-1,-29,0,0,0,-1,-10,1,0,1,0,19,1,,,,,,,,,,,0.22510323425,0.900412937,0.20207924901224475,49.50941600799997,0.900412937,0,0,0,117,0,9,0,9,,,,,,,,,,,,,,,,
#0:1054.A T CB,T,-0.2383636363636364,-2.6220000000000003,-0.0561306122448978,-13.751999999999962,0.908,0.15590909090909089,1.7149999999999996,-0.0487551020408163,-11.944999999999995,1.313,0.20563636363636367,2.2620000000000005,0.09882040816326544,24.211000000000034,2.213,-0.2121818181818182,-2.334,-0.043473469387755106,-10.651000000000002,-0.032,0.02527272727272727,0.27799999999999997,-0.1832163265306124,-44.88800000000004,0.326,0,1,0,11,0,0,0,0,0,0,0,0,0,0,0,0,0,0,0,0,0,0,0,0,0,0,0,0,8,0,0,0,0,0,0,0,0,0,0,0,0,,,,,,0,0,0,0,0,0,0,0,0,0,2556090909,28117000000,2846718367,697446000000,510000000,1054.A,0,0,0,16,0,1sfn_A.pdb,0,2,0,48,1,1,11,0,127,1,0,1,0,13,1,0,0,0,0,0,16.29311406101756,179.2242546711932,46.09739684761551,11293.862227665799,3.840889886021614,0,,,,,,11,245,1,,,,,2.1141,,,,,,,,,,,0,0,0,10,0,0.7545454545454546,8.3,-0.1832653061224491,-44.90000000000003,-0.7,-1,-1,-1,-29,0,0,0,-1,-10,0,0,1,0,19,0,,,,,,,,,,,0.15732590054545456,1.730584906,0.20207924901224475,49.50941600799997,0.830171969,1,11,0,117,1,9,0,9,,,,,,,,,,,,,,,,
#0:1058.A P CD,P,0.6571250000000001,5.257000000000001,-0.0561306122448978,-13.751999999999962,-0.503,-0.392,-3.136,-0.0487551020408163,-11.944999999999995,-1.853,-0.8714999999999999,-6.9719999999999995,0.09882040816326544,24.211000000000034,-3.005,-0.03487499999999996,-0.2789999999999997,-0.043473469387755106,-10.651000000000002,0.931,-0.6768749999999999,-5.414999999999999,-0.1832163265306124,-44.88800000000004,-0.179,0,0,0,11,0,0,0,0,0,0,0,0,0,0,0,0,0,0,0,0,0,0,0,0,0,0,0,0,8,0,0,0,0,0,0,0,0,0,0,0,0,,,,,,0,0,0,0,0,0,0,0,0,0,1197250000,9578000000,2846718367,697446000000,480000000,1058.A,0,1,0,16,1,1sfn_A.pdb,0,1,0,48,1,0,3,0,127,0,0,0,0,13,0,0,0,0,0,0,36.29335787286982,290.34686298295856,46.09739684761551,11293.862227665799,61.4379518032074,1,,,,,,8,245,1,,,,,1.9179,,,,,,,,,,,0,0,0,10,0,0.12499999999999994,0.9999999999999996,-0.1832653061224491,-44.90000000000003,-1.6,-1,-1,-1,-29,0,-1,-1,-1,-10,0,0,0,0,19,0,,,,,,,,,,,0.162023020625,1.296184165,0.20207924901224475,49.50941600799997,1.296184165,0,3,0,117,0,9,0,9,,,,,,,,,,,,,,,,
#0:1064.A T CB,T,0.6031666666666666,3.6189999999999998,-0.0561306122448978,-13.751999999999962,0.908,-0.9021666666666667,-5.413,-0.0487551020408163,-11.944999999999995,1.313,-0.8676666666666669,-5.206000000000001,0.09882040816326544,24.211000000000034,2.213,-0.13016666666666665,-0.7809999999999999,-0.043473469387755106,-10.651000000000002,-0.032,-0.3176666666666667,-1.9060000000000001,-0.1832163265306124,-44.88800000000004,0.326,0,0,0,11,0,0,0,0,0,0,0,0,0,0,0,0,0,0,0,0,0,0,0,0,0,0,0,0,8,0,0,0,0,0,0,0,0,0,0,0,0,,,,,,0,0,0,0,0,0,0,0,0,0,3724500000,22347000000,2846718367,697446000000,510000000,1064.A,0,0,0,16,0,1sfn_A.pdb,0,1,0,48,1,0,3,0,127,1,0,1,0,13,1,0,0,0,0,0,35.27736976678716,211.66421860072296,46.09739684761551,11293.862227665799,49.445456862449646,1,,,,,,6,245,1,,,,,1.7,,,,,,,,,,,0,0,0,10,0,-1.2000000000000002,-7.200000000000001,-0.1832653061224491,-44.90000000000003,-0.7,-1,-2,-1,-29,0,-1,-2,-1,-10,0,0,0,0,19,0,,,,,,,,,,,0.13836199483333333,0.830171969,0.20207924901224475,49.50941600799997,0.830171969,0,3,0,117,1,9,0,9,,,,,,,,,,,,,,,,
#0:1070.A R CD,R,0.06399999999999997,0.7039999999999997,-0.0561306122448978,-13.751999999999962,0.67,-0.2292727272727273,-2.5220000000000002,-0.0487551020408163,-11.944999999999995,-2.647,-0.29781818181818187,-3.2760000000000007,0.09882040816326544,24.211000000000034,-4.76,-0.18745454545454543,-2.062,-0.043473469387755106,-10.651000000000002,-0.228,-0.14245454545454547,-1.5670000000000002,-0.1832163265306124,-44.88800000000004,1.399,0,1,0,11,1,0,0,0,0,0,0,0,0,0,0,0,0,0,0,0,0,0,0,0,0,0,0,0,8,0,0,0,0,0,0,0,0,0,0,0,0,,,,,,0,0,0,0,0,0,0,0,0,0,3728818181,41017000000,2846718367,697446000000,3500000000,1070.A,0,0,0,16,0,1sfn_A.pdb,0,1,0,48,1,0,7,0,127,1,0,0,0,13,0,0,0,0,0,0,7.14689031123734,78.61579342361074,46.09739684761551,11293.862227665799,0.0,0,,,,,,11,245,1,,,,,6.273,,,,,,,,,,,0,0,0,10,0,8.074349270001139e-17,8.881784197001252e-16,-0.1832653061224491,-44.90000000000003,-4.5,-1,-2,-1,-29,0,-1,-1,-1,-10,1,0,1,0,19,1,,,,,,,,,,,0.08185572154545455,0.900412937,0.20207924901224475,49.50941600799997,0.900412937,0,7,0,117,1,9,0,9,,,,,,,,,,,,,,,,
#0:1087.A T CB,T,-0.17914285714285721,-1.2540000000000004,-0.0561306122448978,-13.751999999999962,0.908,-0.8467142857142856,-5.927,-0.0487551020408163,-11.944999999999995,1.313,-0.5878571428571429,-4.115,0.09882040816326544,24.211000000000034,2.213,0.0522857142857143,0.3660000000000001,-0.043473469387755106,-10.651000000000002,-0.032,-0.10142857142857149,-0.7100000000000004,-0.1832163265306124,-44.88800000000004,0.326,0,1,0,11,0,0,0,0,0,0,0,0,0,0,0,0,0,0,0,0,0,0,0,0,0,0,0,0,8,0,0,0,0,0,0,0,0,0,0,0,0,,,,,,0,0,0,0,0,0,0,0,0,0,844571428,5912000000,2846718367,697446000000,510000000,1087.A,0,0,0,16,0,1sfn_A.pdb,0,2,0,48,1,0,5,0,127,1,0,1,0,13,1,0,0,0,0,0,51.192651433604105,358.34856003522873,46.09739684761551,11293.862227665799,79.89542309939861,1,,,,,,7,245,1,,,,,1.8581,,,,,,,,,,,0,0,0,10,0,-0.2857142857142857,-2.0,-0.1832653061224491,-44.90000000000003,-0.7,-1,-2,-1,-29,0,-1,-1,-1,-10,0,0,1,0,19,0,,,,,,,,,,,0.24722641514285715,1.730584906,0.20207924901224475,49.50941600799997,0.830171969,0,5,0,117,1,9,0,9,,,,,,,,,,,,,,,,
#0:1088.A R CD,R,0.16200000000000003,0.6480000000000001,-0.0561306122448978,-13.751999999999962,0.67,-1.48475,-5.939,-0.0487551020408163,-11.944999999999995,-2.647,-1.6852500000000004,-6.741000000000001,0.09882040816326544,24.211000000000034,-4.76,-0.2945,-1.178,-0.043473469387755106,-10.651000000000002,-0.228,-0.025500000000000023,-0.10200000000000009,-0.1832163265306124,-44.88800000000004,1.399,0,1,0,11,1,0,0,0,0,0,0,0,0,0,0,0,0,0,0,0,0,0,0,0,0,0,0,0,8,0,0,0,0,0,0,0,0,0,0,0,0,,,,,,0,0,0,0,0,0,0,0,0,0,4607500000,18430000000,2846718367,697446000000,3500000000,1088.A,0,0,0,16,0,1sfn_A.pdb,0,1,0,48,1,0,3,0,127,1,0,0,0,13,0,0,0,0,0,0,59.03920921016834,236.15683684067335,46.09739684761551,11293.862227665799,108.45368549227715,2,,,,,,4,245,1,,,,,1.7,,,,,,,,,,,0,0,0,10,0,-1.2750000000000001,-5.1000000000000005,-0.1832653061224491,-44.90000000000003,-4.5,-1,-1,-1,-29,0,0,0,-1,-10,1,0,1,0,19,1,,,,,,,,,,,0.22510323425,0.900412937,0.20207924901224475,49.50941600799997,0.900412937,0,3,0,117,1,9,0,9,,,,,,,,,,,,,,,,
#0:1089.A T CB,T,-0.16350000000000003,-1.3080000000000003,-0.0561306122448978,-13.751999999999962,0.908,-0.673,-5.384,-0.0487551020408163,-11.944999999999995,1.313,-0.7577499999999999,-6.061999999999999,0.09882040816326544,24.211000000000034,2.213,0.31150000000000005,2.4920000000000004,-0.043473469387755106,-10.651000000000002,-0.032,-0.012874999999999998,-0.10299999999999998,-0.1832163265306124,-44.88800000000004,0.326,0,2,0,11,0,0,0,0,0,0,0,0,0,0,0,0,0,0,0,0,0,0,0,0,0,0,1,0,8,0,0,0,0,0,0,0,0,0,0,0,0,,,,,,0,0,0,0,0,0,0,0,0,0,1326875000,10615000000,2846718367,697446000000,510000000,1089.A,0,0,0,16,0,1sfn_A.pdb,0,4,0,48,1,0,7,0,127,1,0,1,0,13,1,0,0,0,0,0,61.66053686923988,493.284294953919,46.09739684761551,11293.862227665799,43.76773114129901,1,,,,,,8,245,1,,,,,1.7,,,,,,,,,,,0,0,0,10,0,-1.5749999999999997,-12.599999999999998,-0.1832653061224491,-44.90000000000003,-0.7,-1,-2,-1,-29,0,0,1,-1,-10,0,0,3,0,19,0,,,,,,,,,,,0.45502615949999997,3.6402092759999998,0.20207924901224475,49.50941600799997,0.830171969,0,7,0,117,1,9,0,9,,,,,,,,,,,,,,,,
#0:1091.A R CD,R,0.05066666666666667,0.15200000000000002,-0.0561306122448978,-13.751999999999962,0.67,-3.0436666666666667,-9.131,-0.0487551020408163,-11.944999999999995,-2.647,-4.024,-12.072000000000001,0.09882040816326544,24.211000000000034,-4.76,0.624,1.872,-0.043473469387755106,-10.651000000000002,-0.228,0.6676666666666667,2.003,-0.1832163265306124,-44.88800000000004,1.399,0,1,0,11,1,0,0,0,0,0,0,0,0,0,0,0,0,0,0,0,0,0,0,0,0,0,0,0,8,0,0,0,0,0,0,0,0,0,0,0,0,,,,,,0,0,0,0,0,0,0,0,0,0,1320000000,3960000000,2846718367,697446000000,3500000000,1091.A,0,0,0,16,0,1sfn_A.pdb,0,1,0,48,1,0,1,0,127,0,0,0,0,13,0,0,0,0,0,0,86.85419973234336,260.56259919703007,46.09739684761551,11293.862227665799,125.89711001515388,3,,,,,,3,245,1,,,,,1.7,,,,,,,,,,,0,0,0,10,0,-3.8333333333333335,-11.5,-0.1832653061224491,-44.90000000000003,-4.5,-1,-2,-1,-29,0,-1,-1,-1,-10,1,0,1,0,19,1,,,,,,,,,,,0.3001376456666667,0.900412937,0.20207924901224475,49.50941600799997,0.900412937,0,1,0,117,0,9,0,9,,,,,,,,,,,,,,,,
#0:1099.A P CD,P,-0.507875,-4.063,-0.0561306122448978,-13.751999999999962,-0.503,-0.5177499999999999,-4.1419999999999995,-0.0487551020408163,-11.944999999999995,-1.853,-0.315,-2.52,0.09882040816326544,24.211000000000034,-3.005,0.03962500000000002,0.31700000000000017,-0.043473469387755106,-10.651000000000002,0.931,-0.329125,-2.633,-0.1832163265306124,-44.88800000000004,-0.179,0,0,0,11,0,0,0,0,0,0,0,0,0,0,0,0,0,0,0,0,0,0,0,0,0,0,0,0,8,0,0,0,0,0,0,0,0,0,0,0,0,,,,,,0,0,0,0,0,0,0,0,0,0,2093000000,16744000000,2846718367,697446000000,480000000,1099.A,0,2,0,16,1,1sfn_A.pdb,0,2,0,48,1,0,2,0,127,0,0,0,0,13,0,0,0,0,0,0,29.902633624362352,239.22106899489881,46.09739684761551,11293.862227665799,16.30984230339527,1,,,,,,8,245,1,,,,,2.4267,,,,,,,,,,,0,0,0,10,0,0.17500000000000002,1.4000000000000001,-0.1832653061224491,-44.90000000000003,-1.6,-1,-1,-1,-29,0,-1,-1,-1,-10,0,0,0,0,19,0,,,,,,,,,,,0.32404604125,2.59236833,0.20207924901224475,49.50941600799997,1.296184165,0,2,0,117,0,9,0,9,,,,,,,,,,,,,,,,
#0:1103.A K CE,K,-0.277,-0.277,-0.0561306122448978,-13.751999999999962,-0.277,1.648,1.648,-0.0487551020408163,-11.944999999999995,1.648,0.533,0.533,0.09882040816326544,24.211000000000034,0.533,1.831,1.831,-0.043473469387755106,-10.651000000000002,1.831,-0.561,-0.561,-0.1832163265306124,-44.88800000000004,-0.561,0,0,0,11,0,0,0,0,0,0,0,0,0,0,0,0,0,0,0,0,0,0,0,0,0,1,1,0,8,1,0,0,0,0,0,0,0,0,0,0,0,,,,,,0,0,0,0,0,0,0,0,0,0,340000000,340000000,2846718367,697446000000,340000000,1103.A,0,0,0,16,0,1sfn_A.pdb,1,1,0,48,1,0,0,0,127,0,0,0,0,13,0,0,0,0,0,0,160.75726626068354,160.75726626068354,46.09739684761551,11293.862227665799,160.75726626068354,9,,,,,,1,245,1,1.7,1.7,,,1.7,,,,,,,,,,,0,0,0,10,0,-3.9,-3.9,-0.1832653061224491,-44.90000000000003,-3.9,0,0,-1,-29,0,1,1,-1,-10,1,1,1,0,19,1,,,,,,,,,,,1.009211433,1.009211433,0.20207924901224475,49.50941600799997,1.009211433,0,0,0,117,0,9,0,9,,,,,,,,,,,,,,,,
#0:1107.A T CB,T,0.6918571428571428,4.843,-0.0561306122448978,-13.751999999999962,0.908,-0.1297142857142857,-0.9079999999999998,-0.0487551020408163,-11.944999999999995,1.313,0.18714285714285722,1.3100000000000005,0.09882040816326544,24.211000000000034,2.213,-0.19285714285714284,-1.3499999999999999,-0.043473469387755106,-10.651000000000002,-0.032,-0.5944285714285715,-4.1610000000000005,-0.1832163265306124,-44.88800000000004,0.326,0,0,0,11,0,0,0,0,0,0,0,0,0,0,0,0,0,0,0,0,0,0,0,0,0,0,0,0,8,0,0,0,0,0,0,0,0,0,0,0,0,,,,,,0,0,0,0,0,0,0,0,0,0,1611285714,11279000000,2846718367,697446000000,510000000,1107.A,0,0,0,16,0,1sfn_A.pdb,0,1,0,48,1,0,6,0,127,1,0,1,0,13,1,0,0,0,0,0,34.69009647598224,242.83067533187568,46.09739684761551,11293.862227665799,36.522585272789,1,,,,,,7,245,1,,,,,1.7,,,,,,,,,,,0,0,0,10,0,0.22857142857142845,1.5999999999999992,-0.1832653061224491,-44.90000000000003,-0.7,-1,-1,-1,-29,0,-1,-1,-1,-10,0,0,0,0,19,0,,,,,,,,,,,0.11859599557142857,0.830171969,0.20207924901224475,49.50941600799997,0.830171969,0,6,0,117,1,9,0,9,,,,,,,,,,,,,,,,
#0:1109.A K CE,K,0.12125,0.485,-0.0561306122448978,-13.751999999999962,-0.277,-0.2795,-1.118,-0.0487551020408163,-11.944999999999995,1.648,0.14175,0.567,0.09882040816326544,24.211000000000034,0.533,1.0515,4.206,-0.043473469387755106,-10.651000000000002,1.831,-0.34650000000000003,-1.3860000000000001,-0.1832163265306124,-44.88800000000004,-0.561,0,0,0,11,0,0,0,0,0,0,0,0,0,0,0,0,0,0,0,0,0,0,0,0,0,0,1,0,8,1,0,0,0,0,0,0,0,0,0,0,0,,,,,,0,0,0,0,0,0,0,0,0,0,288750000,1155000000,2846718367,697446000000,340000000,1109.A,0,0,0,16,0,1sfn_A.pdb,0,2,0,48,1,1,4,0,127,1,0,1,0,13,0,0,0,0,0,0,62.411844295216724,249.6473771808669,46.09739684761551,11293.862227665799,114.85399524029344,2,,,,,,4,245,1,,,,,1.7,,,,,,,,,,,0,0,0,10,0,-2.9,-11.6,-0.1832653061224491,-44.90000000000003,-3.9,-1,-2,-1,-29,0,-1,-1,-1,-10,1,0,1,0,19,1,,,,,,,,,,,0.4598458505,1.839383402,0.20207924901224475,49.50941600799997,1.009211433,1,4,0,117,1,9,0,9,,,,,,,,,,,,,,,,
#0:1110.A T CB,T,0.2763333333333333,1.658,-0.0561306122448978,-13.751999999999962,0.908,-0.14200000000000002,-0.8520000000000001,-0.0487551020408163,-11.944999999999995,1.313,0.2875,1.7249999999999999,0.09882040816326544,24.211000000000034,2.213,0.43483333333333335,2.609,-0.043473469387755106,-10.651000000000002,-0.032,-0.5463333333333334,-3.2780000000000005,-0.1832163265306124,-44.88800000000004,0.326,0,0,0,11,0,0,0,0,0,0,0,0,0,0,0,0,0,0,0,0,0,0,0,0,0,0,1,0,8,0,0,0,0,0,0,0,0,0,0,0,0,,,,,,0,0,0,0,0,0,0,0,0,0,208166666,1249000000,2846718367,697446000000,510000000,1110.A,0,0,0,16,0,1sfn_A.pdb,0,2,0,48,1,0,5,0,127,1,0,1,0,13,1,0,0,0,0,0,69.08742812881246,414.5245687728748,46.09739684761551,11293.862227665799,57.096875965595245,1,,,,,,6,245,1,,,,,1.7,,,,,,,,,,,0,0,0,10,0,-1.7,-10.2,-0.1832653061224491,-44.90000000000003,-0.7,-1,-2,-1,-29,0,-1,-1,-1,-10,0,0,1,0,19,0,,,,,,,,,,,0.3065639003333333,1.839383402,0.20207924901224475,49.50941600799997,0.830171969,0,5,0,117,1,9,0,9,,,,,,,,,,,,,,,,
#0:1113.A R CD,R,0.28320000000000006,1.4160000000000004,-0.0561306122448978,-13.751999999999962,0.67,-0.38520000000000004,-1.9260000000000002,-0.0487551020408163,-11.944999999999995,-2.647,-1.0856,-5.428,0.09882040816326544,24.211000000000034,-4.76,0.2212,1.106,-0.043473469387755106,-10.651000000000002,-0.228,-0.23599999999999993,-1.1799999999999997,-0.1832163265306124,-44.88800000000004,1.399,0,1,0,11,1,0,0,0,0,0,0,0,0,0,0,0,0,0,0,0,0,0,0,0,0,0,0,0,8,0,0,0,0,0,0,0,0,0,0,0,0,,,,,,0,0,0,0,0,0,0,0,0,0,1165400000,5827000000,2846718367,697446000000,3500000000,1113.A,0,0,0,16,0,1sfn_A.pdb,0,1,0,48,1,1,5,0,127,1,0,0,0,13,0,0,0,0,0,0,40.05106542924186,200.2553271462093,46.09739684761551,11293.862227665799,93.47492933273315,1,,,,,,5,245,1,,,,,1.7,,,,,,,,,,,0,0,0,10,0,-0.64,-3.2,-0.1832653061224491,-44.90000000000003,-4.5,-1,-1,-1,-29,0,0,0,-1,-10,1,0,1,0,19,1,,,,,,,,,,,0.1800825874,0.900412937,0.20207924901224475,49.50941600799997,0.900412937,1,5,0,117,1,9,0,9,,,,,,,,,,,,,,,,
#0:1119.A K CE,K,0.19877777777777772,1.7889999999999995,-0.0561306122448978,-13.751999999999962,-0.277,-0.030888888888888816,-0.27799999999999936,-0.0487551020408163,-11.944999999999995,1.648,-0.016555555555555435,-0.1489999999999989,0.09882040816326544,24.211000000000034,0.533,0.5476666666666667,4.929,-0.043473469387755106,-10.651000000000002,1.831,0.4408888888888889,3.968,-0.1832163265306124,-44.88800000000004,-0.561,0,1,0,11,0,0,0,0,0,0,0,0,0,0,0,0,0,0,0,0,0,0,0,0,0,0,1,0,8,1,0,0,0,0,0,0,0,0,0,0,0,,,,,,0,0,0,0,0,0,0,0,0,0,3445555555,31010000000,2846718367,697446000000,340000000,1119.A,0,1,0,16,0,1sfn_A.pdb,0,3,0,48,1,0,4,0,127,1,0,0,0,13,0,0,0,0,0,0,33.10293648034955,297.92642832314596,46.09739684761551,11293.862227665799,5.275090623646975,1,,,,,,9,245,1,,,,,1.7,,,,,,,,,,,0,0,0,10,0,-1.7999999999999998,-16.2,-0.1832653061224491,-44.90000000000003,-3.9,-1,-2,-1,-29,0,0,0,-1,-10,1,0,2,0,19,1,,,,,,,,,,,0.3562009483333333,3.205808535,0.20207924901224475,49.50941600799997,1.009211433,0,4,0,117,1,9,0,9,,,,,,,,,,,,,,,,
#0:1120.A P CD,P,-0.14285714285714285,-1.0,-0.0561306122448978,-13.751999999999962,-0.503,-0.14371428571428568,-1.0059999999999998,-0.0487551020408163,-11.944999999999995,-1.853,-0.4805714285714286,-3.3640000000000003,0.09882040816326544,24.211000000000034,-3.005,0.5314285714285714,3.7199999999999998,-0.043473469387755106,-10.651000000000002,0.931,0.6104285714285715,4.273000000000001,-0.1832163265306124,-44.88800000000004,-0.179,0,1,0,11,0,0,0,0,0,0,0,0,0,0,0,0,0,0,0,0,0,0,0,0,0,0,1,0,8,0,0,0,0,0,0,0,0,0,0,0,0,,,,,,0,0,0,0,0,0,0,0,0,0,5292857142,37050000000,2846718367,697446000000,480000000,1120.A,0,1,0,16,1,1sfn_A.pdb,0,3,0,48,1,0,2,0,127,0,0,0,0,13,0,0,0,0,0,0,51.07042394275777,357.4929675993044,46.09739684761551,11293.862227665799,68.90547320991755,1,,,,,,7,245,1,,,,,1.7,,,,,,,,,,,0,0,0,10,0,-1.9000000000000001,-13.3,-0.1832653061224491,-44.90000000000003,-1.6,-1,-1,-1,-29,0,0,1,-1,-10,0,0,2,0,19,0,,,,,,,,,,,0.45797264785714287,3.205808535,0.20207924901224475,49.50941600799997,1.296184165,0,2,0,117,0,9,0,9,,,,,,,,,,,,,,,,
#0:1123.A T CB,T,-0.40925,-1.637,-0.0561306122448978,-13.751999999999962,0.908,0.31225,1.249,-0.0487551020408163,-11.944999999999995,1.313,1.0885,4.354,0.09882040816326544,24.211000000000034,2.213,-0.044499999999999984,-0.17799999999999994,-0.043473469387755106,-10.651000000000002,-0.032,0.8115,3.246,-0.1832163265306124,-44.88800000000004,0.326,0,0,0,11,0,0,0,0,0,0,0,0,0,0,0,0,0,0,0,0,0,0,0,0,0,0,0,0,8,0,0,0,0,0,0,0,0,0,0,0,0,,,,,,0,0,0,0,0,0,0,0,0,0,3702500000,14810000000,2846718367,697446000000,510000000,1123.A,0,0,0,16,0,1sfn_A.pdb,0,1,0,48,1,0,0,0,127,0,0,1,0,13,1,0,0,0,0,0,71.37099309288897,285.48397237155586,46.09739684761551,11293.862227665799,105.78116136789322,2,,,,,,4,245,1,,,,,1.7,,,,,,,,,,,0,0,0,10,0,-0.32499999999999996,-1.2999999999999998,-0.1832653061224491,-44.90000000000003,-0.7,0,0,-1,-29,0,0,0,-1,-10,0,0,0,0,19,0,,,,,,,,,,,0.20754299225,0.830171969,0.20207924901224475,49.50941600799997,0.830171969,0,0,0,117,0,9,0,9,,,,,,,,,,,,,,,,
#0:1130.A P CD,P,0.25375000000000003,2.0300000000000002,-0.0561306122448978,-13.751999999999962,-0.503,0.24537500000000004,1.9630000000000003,-0.0487551020408163,-11.944999999999995,-1.853,0.4144999999999999,3.3159999999999994,0.09882040816326544,24.211000000000034,-3.005,-0.11649999999999998,-0.9319999999999998,-0.043473469387755106,-10.651000000000002,0.931,0.25250000000000006,2.0200000000000005,-0.1832163265306124,-44.88800000000004,-0.179,0,0,0,11,0,0,0,0,0,0,0,0,0,0,0,0,0,0,0,0,0,0,0,0,0,0,0,0,8,0,0,0,0,0,0,0,0,0,0,0,0,,,,,,0,0,0,0,0,0,0,0,0,0,4211375000,33691000000,2846718367,697446000000,480000000,1130.A,0,1,0,16,1,1sfn_A.pdb,0,1,0,48,1,0,1,0,127,0,0,0,0,13,0,0,0,0,0,0,44.15716325582616,353.2573060466093,46.09739684761551,11293.862227665799,18.094106666569132,1,,,,,,8,245,1,,,,,2.3442,,,,,,,,,,,0,0,0,10,0,-0.21250000000000002,-1.7000000000000002,-0.1832653061224491,-44.90000000000003,-1.6,0,0,-1,-29,0,0,0,-1,-10,0,0,0,0,19,0,,,,,,,,,,,0.162023020625,1.296184165,0.20207924901224475,49.50941600799997,1.296184165,0,1,0,117,0,9,0,9,,,,,,,,,,,,,,,,
#0:1138.A R CD,R,-0.149,-0.596,-0.0561306122448978,-13.751999999999962,0.67,-0.8609999999999999,-3.4439999999999995,-0.0487551020408163,-11.944999999999995,-2.647,-1.005,-4.02,0.09882040816326544,24.211000000000034,-4.76,0.50675,2.027,-0.043473469387755106,-10.651000000000002,-0.228,0.83975,3.359,-0.1832163265306124,-44.88800000000004,1.399,0,1,0,11,1,0,0,0,0,0,0,0,0,0,0,0,0,0,0,0,0,0,0,0,0,0,0,0,8,0,0,0,0,0,0,0,0,0,0,0,0,,,,,,0,0,0,0,0,0,0,0,0,0,4194750000,16779000000,2846718367,697446000000,3500000000,1138.A,0,0,0,16,0,1sfn_A.pdb,0,1,0,48,1,0,1,0,127,0,0,0,0,13,0,0,0,0,0,0,43.087525503360666,172.35010201344267,46.09739684761551,11293.862227665799,130.73467401973903,2,,,,,,4,245,1,,,,,1.7,,,,,,,,,,,0,0,0,10,0,-3.2,-12.8,-0.1832653061224491,-44.90000000000003,-4.5,-1,-1,-1,-29,0,0,0,-1,-10,1,0,1,0,19,1,,,,,,,,,,,0.22510323425,0.900412937,0.20207924901224475,49.50941600799997,0.900412937,0,1,0,117,0,9,0,9,,,,,,,,,,,,,,,,
#0:1141.A P CD,P,-0.332,-1.328,-0.0561306122448978,-13.751999999999962,-0.503,-0.9375,-3.75,-0.0487551020408163,-11.944999999999995,-1.853,-0.86775,-3.471,0.09882040816326544,24.211000000000034,-3.005,0.48000000000000004,1.9200000000000002,-0.043473469387755106,-10.651000000000002,0.931,0.09024999999999997,0.3609999999999999,-0.1832163265306124,-44.88800000000004,-0.179,0,0,0,11,0,0,0,0,0,0,0,0,0,0,0,0,0,0,0,0,0,0,0,0,0,0,0,0,8,0,0,0,0,0,0,0,0,0,0,0,0,,,,,,0,0,0,0,0,0,0,0,0,0,194000000,776000000,2846718367,697446000000,480000000,1141.A,0,1,0,16,1,1sfn_A.pdb,0,1,0,48,1,0,0,0,127,0,0,0,0,13,0,0,0,0,0,0,79.57152488268912,318.2860995307565,46.09739684761551,11293.862227665799,116.52427399158478,2,,,,,,4,245,1,,,,,1.7,,,,,,,,,,,0,0,0,10,0,-2.25,-9.0,-0.1832653061224491,-44.90000000000003,-1.6,-1,-1,-1,-29,0,-1,-1,-1,-10,0,0,0,0,19,0,,,,,,,,,,,0.32404604125,1.296184165,0.20207924901224475,49.50941600799997,1.296184165,0,0,0,117,0,9,0,9,,,,,,,,,,,,,,,,
#0:1144.A P CD,P,-0.3423333333333334,-2.0540000000000003,-0.0561306122448978,-13.751999999999962,-0.503,0.20333333333333328,1.2199999999999998,-0.0487551020408163,-11.944999999999995,-1.853,0.5195,3.117,0.09882040816326544,24.211000000000034,-3.005,0.249,1.494,-0.043473469387755106,-10.651000000000002,0.931,-0.0261666666666667,-0.1570000000000002,-0.1832163265306124,-44.88800000000004,-0.179,0,0,0,11,0,0,0,0,0,0,0,0,0,0,0,0,0,0,0,0,0,0,0,0,0,0,0,0,8,0,0,0,0,0,0,0,0,0,0,0,0,,,,,,0,0,0,0,0,0,0,0,0,0,3645333333,21872000000,2846718367,697446000000,480000000,1144.A,0,1,0,16,1,1sfn_A.pdb,0,1,0,48,1,0,3,0,127,1,0,0,0,13,0,0,0,0,0,0,56.52830029824744,339.1698017894846,46.09739684761551,11293.862227665799,60.32281506899744,1,,,,,,6,245,1,,,,,1.7,,,,,,,,,,,0,0,0,10,0,0.08333333333333333,0.5,-0.1832653061224491,-44.90000000000003,-1.6,-1,-1,-1,-29,0,-1,-1,-1,-10,0,0,0,0,19,0,,,,,,,,,,,0.21603069416666668,1.296184165,0.20207924901224475,49.50941600799997,1.296184165,0,3,0,117,1,9,0,9,,,,,,,,,,,,,,,,
#0:1154.A R CD,R,0.06154545454545457,0.6770000000000003,-0.0561306122448978,-13.751999999999962,0.67,-0.031363636363636364,-0.34500000000000003,-0.0487551020408163,-11.944999999999995,-2.647,-0.5386363636363636,-5.924999999999999,0.09882040816326544,24.211000000000034,-4.76,0.2683636363636363,2.9519999999999995,-0.043473469387755106,-10.651000000000002,-0.228,-0.017727272727272727,-0.195,-0.1832163265306124,-44.88800000000004,1.399,0,2,0,11,1,0,0,0,0,0,0,0,0,0,0,0,0,0,0,0,0,0,0,0,0,0,1,0,8,0,0,0,0,0,0,0,0,0,0,0,0,,,,,,0,0,0,0,0,0,0,0,0,0,1094818181,12043000000,2846718367,697446000000,3500000000,1154.A,0,0,0,16,0,1sfn_A.pdb,0,4,0,48,1,0,6,0,127,1,0,1,0,13,0,0,0,0,0,0,26.396520754745737,290.3617283022031,46.09739684761551,11293.862227665799,42.614931505173445,0,,,,,,11,245,1,,,,,2.8321,,,,,,,,,,,0,0,0,10,0,-1.0636363636363635,-11.7,-0.1832653061224491,-44.90000000000003,-4.5,-1,-1,-1,-29,0,0,2,-1,-10,1,0,3,0,19,1,,,,,,,,,,,0.330928116,3.6402092759999998,0.20207924901224475,49.50941600799997,0.900412937,0,6,0,117,1,9,0,9,,,,,,,,,,,,,,,,
#0:1155.A K CE,K,0.066,0.264,-0.0561306122448978,-13.751999999999962,-0.277,0.35274999999999995,1.4109999999999998,-0.0487551020408163,-11.944999999999995,1.648,0.9005000000000001,3.6020000000000003,0.09882040816326544,24.211000000000034,0.533,0.6072500000000001,2.4290000000000003,-0.043473469387755106,-10.651000000000002,1.831,-0.5427500000000001,-2.1710000000000003,-0.1832163265306124,-44.88800000000004,-0.561,0,0,0,11,0,0,0,0,0,0,0,0,0,0,0,0,0,0,0,0,0,0,0,0,0,0,1,0,8,1,0,0,0,0,0,0,0,0,0,0,0,,,,,,0,0,0,0,0,0,0,0,0,0,5428750000,21715000000,2846718367,697446000000,340000000,1155.A,0,0,0,16,0,1sfn_A.pdb,0,1,0,48,1,0,3,0,127,1,0,0,0,13,0,0,0,0,0,0,67.10651598618358,268.4260639447343,46.09739684761551,11293.862227665799,89.20697325468063,2,,,,,,4,245,1,,,,,1.7,,,,,,,,,,,0,0,0,10,0,-1.7,-6.8,-0.1832653061224491,-44.90000000000003,-3.9,-1,-1,-1,-29,0,0,0,-1,-10,1,0,1,0,19,1,,,,,,,,,,,0.25230285825,1.009211433,0.20207924901224475,49.50941600799997,1.009211433,0,3,0,117,1,9,0,9,,,,,,,,,,,,,,,,
#0:1158.A P CD,P,-0.3655,-2.193,-0.0561306122448978,-13.751999999999962,-0.503,0.5516666666666667,3.3100000000000005,-0.0487551020408163,-11.944999999999995,-1.853,1.2228333333333334,7.337000000000001,0.09882040816326544,24.211000000000034,-3.005,0.13966666666666666,0.838,-0.043473469387755106,-10.651000000000002,0.931,-0.3663333333333334,-2.1980000000000004,-0.1832163265306124,-44.88800000000004,-0.179,0,0,0,11,0,0,0,0,0,0,0,0,0,0,0,0,0,0,0,0,0,0,0,0,0,0,0,0,8,0,0,0,0,0,0,0,0,0,0,0,0,,,,,,0,0,0,0,0,0,0,0,0,0,3909166666,23455000000,2846718367,697446000000,480000000,1158.A,0,1,0,16,1,1sfn_A.pdb,0,1,0,48,1,0,1,0,127,0,0,0,0,13,0,0,0,0,0,0,35.11146161953608,210.6687697172165,46.09739684761551,11293.862227665799,30.898022010922432,1,,,,,,6,245,1,,,,,1.9545,,,,,,,,,,,0,0,0,10,0,0.6666666666666666,3.9999999999999996,-0.1832653061224491,-44.90000000000003,-1.6,-1,-1,-1,-29,0,-1,-1,-1,-10,0,0,0,0,19,0,,,,,,,,,,,0.21603069416666668,1.296184165,0.20207924901224475,49.50941600799997,1.296184165,0,1,0,117,0,9,0,9,,,,,,,,,,,,,,,,
#0:1161.A P CD,P,0.39320000000000005,1.9660000000000002,-0.0561306122448978,-13.751999999999962,-0.503,-0.8027999999999998,-4.013999999999999,-0.0487551020408163,-11.944999999999995,-1.853,-0.9174,-4.587,0.09882040816326544,24.211000000000034,-3.005,0.4726,2.363,-0.043473469387755106,-10.651000000000002,0.931,-0.19600000000000004,-0.9800000000000002,-0.1832163265306124,-44.88800000000004,-0.179,0,0,0,11,0,0,0,0,0,0,0,0,0,0,0,0,0,0,0,0,0,0,0,0,0,0,0,0,8,0,0,0,0,0,0,0,0,0,0,0,0,,,,,,0,0,0,0,0,0,0,0,0,0,1472400000,7362000000,2846718367,697446000000,480000000,1161.A,0,1,0,16,1,1sfn_A.pdb,0,1,0,48,1,0,0,0,127,0,0,0,0,13,0,0,0,0,0,0,58.63445979836397,293.17229899181984,46.09739684761551,11293.862227665799,94.6193351522088,1,,,,,,5,245,1,,,,,1.7,,,,,,,,,,,0,0,0,10,0,-0.8,-4.0,-0.1832653061224491,-44.90000000000003,-1.6,-1,-2,-1,-29,0,-1,-2,-1,-10,0,0,0,0,19,0,,,,,,,,,,,0.259236833,1.296184165,0.20207924901224475,49.50941600799997,1.296184165,0,0,0,117,0,9,0,9,,,,,,,,,,,,,,,,
#0:1169.A T CB,T,-0.06045454545454542,-0.6649999999999996,-0.0561306122448978,-13.751999999999962,0.908,0.6456363636363636,7.101999999999999,-0.0487551020408163,-11.944999999999995,1.313,0.5075454545454545,5.583,0.09882040816326544,24.211000000000034,2.213,0.268090909090909,2.948999999999999,-0.043473469387755106,-10.651000000000002,-0.032,-0.3066363636363637,-3.3730000000000007,-0.1832163265306124,-44.88800000000004,0.326,0,1,0,11,0,0,0,0,0,0,0,0,0,0,0,0,0,0,0,0,0,0,0,0,0,0,1,0,8,0,0,0,0,0,0,0,0,0,0,0,0,,,,,,0,0,0,0,0,0,0,0,0,0,2874545454,31620000000,2846718367,697446000000,510000000,1169.A,0,0,0,16,0,1sfn_A.pdb,0,3,0,48,1,0,9,0,127,1,0,1,0,13,1,0,0,0,0,0,11.158822352532297,122.74704587785527,46.09739684761551,11293.862227665799,0.0,0,,,,,,11,245,1,,,,,5.361,,,,,,,,,,,0,0,0,10,0,-0.2000000000000002,-2.2000000000000024,-0.1832653061224491,-44.90000000000003,-0.7,-1,-1,-1,-29,0,0,1,-1,-10,0,0,2,0,19,0,,,,,,,,,,,0.24907239445454543,2.7397963389999997,0.20207924901224475,49.50941600799997,0.830171969,0,9,0,117,1,9,0,9,,,,,,,,,,,,,,,,
#0:1174.A P CD,P,0.3826249999999999,3.060999999999999,-0.0561306122448978,-13.751999999999962,-0.503,-0.26087499999999997,-2.0869999999999997,-0.0487551020408163,-11.944999999999995,-1.853,-0.32887500000000003,-2.6310000000000002,0.09882040816326544,24.211000000000034,-3.005,-0.3345,-2.676,-0.043473469387755106,-10.651000000000002,0.931,0.11737500000000005,0.9390000000000004,-0.1832163265306124,-44.88800000000004,-0.179,0,1,0,11,0,0,0,0,0,0,0,0,0,0,0,0,0,0,0,0,0,0,0,0,0,0,0,0,8,0,0,0,0,0,0,0,0,0,0,0,0,,,,,,0,0,0,0,0,0,0,0,0,0,2955000000,23640000000,2846718367,697446000000,480000000,1174.A,0,1,0,16,1,1sfn_A.pdb,0,2,0,48,1,0,1,0,127,0,0,0,0,13,0,0,0,0,0,0,77.93666140222922,623.4932912178338,46.09739684761551,11293.862227665799,57.37029954791069,1,,,,,,8,245,1,,,,,1.7,,,,,,,,,,,0,0,0,10,0,-0.8375000000000001,-6.700000000000001,-0.1832653061224491,-44.90000000000003,-1.6,0,0,-1,-29,0,0,1,-1,-10,0,0,1,0,19,0,,,,,,,,,,,0.27457463775,2.196597102,0.20207924901224475,49.50941600799997,1.296184165,0,1,0,117,0,9,0,9,,,,,,,,,,,,,,,,
#0:1179.A P CD,P,-0.30357142857142855,-2.125,-0.0561306122448978,-13.751999999999962,-0.503,0.5431428571428573,3.8020000000000005,-0.0487551020408163,-11.944999999999995,-1.853,0.5294285714285715,3.7060000000000004,0.09882040816326544,24.211000000000034,-3.005,0.29557142857142854,2.069,-0.043473469387755106,-10.651000000000002,0.931,-0.07114285714285717,-0.4980000000000002,-0.1832163265306124,-44.88800000000004,-0.179,0,0,0,11,0,0,0,0,0,0,0,0,0,0,0,0,0,0,0,0,0,0,0,0,0,0,0,0,8,0,0,0,0,0,0,0,0,0,0,0,0,,,,,,0,0,0,0,0,0,0,0,0,0,3418571428,23930000000,2846718367,697446000000,480000000,1179.A,0,1,0,16,1,1sfn_A.pdb,0,1,0,48,1,0,1,0,127,0,0,0,0,13,0,0,0,0,0,0,52.09298431447574,364.6508902013302,46.09739684761551,11293.862227665799,67.14023694396019,1,,,,,,7,245,1,,,,,2.4011,,,,,,,,,,,0,0,0,10,0,0.457142857142857,3.1999999999999993,-0.1832653061224491,-44.90000000000003,-1.6,-1,-1,-1,-29,0,-1,-1,-1,-10,0,0,0,0,19,0,,,,,,,,,,,0.18516916642857145,1.296184165,0.20207924901224475,49.50941600799997,1.296184165,0,1,0,117,0,9,0,9,,,,,,,,,,,,,,,,
#0:1200.A K CE,K,-0.3604,-1.802,-0.0561306122448978,-13.751999999999962,-0.277,-0.4782,-2.391,-0.0487551020408163,-11.944999999999995,1.648,-0.4766,-2.383,0.09882040816326544,24.211000000000034,0.533,1.0272000000000001,5.136,-0.043473469387755106,-10.651000000000002,1.831,0.34019999999999995,1.7009999999999998,-0.1832163265306124,-44.88800000000004,-0.561,0,0,0,11,0,0,0,0,0,0,0,0,0,0,0,0,0,0,0,0,0,0,0,0,0,0,1,0,8,1,0,0,0,0,0,0,0,0,0,0,0,,,,,,0,0,0,0,0,0,0,0,0,0,2769800000,13849000000,2846718367,697446000000,340000000,1200.A,0,0,0,16,0,1sfn_A.pdb,0,1,0,48,1,0,3,0,127,1,0,0,0,13,0,0,0,0,0,0,94.61402807552368,473.0701403776184,46.09739684761551,11293.862227665799,62.24342994391918,1,,,,,,5,245,1,,,,,1.7,,,,,,,,,,,0,0,0,10,0,-3.14,-15.700000000000001,-0.1832653061224491,-44.90000000000003,-3.9,-1,-2,-1,-29,0,-1,-1,-1,-10,1,0,1,0,19,1,,,,,,,,,,,0.20184228659999998,1.009211433,0.20207924901224475,49.50941600799997,1.009211433,0,3,0,117,1,9,0,9,,,,,,,,,,,,,,,,
#0:1207.A P CD,P,-0.7736666666666667,-4.642,-0.0561306122448978,-13.751999999999962,-0.503,-0.07466666666666666,-0.44799999999999995,-0.0487551020408163,-11.944999999999995,-1.853,0.22000000000000006,1.3200000000000003,0.09882040816326544,24.211000000000034,-3.005,-0.005833333333333325,-0.03499999999999995,-0.043473469387755106,-10.651000000000002,0.931,0.22749999999999995,1.3649999999999998,-0.1832163265306124,-44.88800000000004,-0.179,0,1,0,11,0,0,0,0,0,0,0,0,0,0,0,0,0,0,0,0,0,0,0,0,0,0,0,0,8,0,0,0,0,0,0,0,0,0,0,0,0,,,,,,0,0,0,0,0,0,0,0,0,0,5406666666,32440000000,2846718367,697446000000,480000000,1207.A,0,1,0,16,1,1sfn_A.pdb,0,2,0,48,1,0,5,0,127,1,0,0,0,13,0,0,0,0,0,0,65.07221124660767,390.433267479646,46.09739684761551,11293.862227665799,76.2104091513902,1,,,,,,6,245,1,,,,,1.7,,,,,,,,,,,0,0,0,10,0,-0.11666666666666654,-0.6999999999999993,-0.1832653061224491,-44.90000000000003,-1.6,0,0,-1,-29,0,0,1,-1,-10,0,0,1,0,19,0,,,,,,,,,,,0.36609951700000004,2.196597102,0.20207924901224475,49.50941600799997,1.296184165,0,5,0,117,1,9,0,9,,,,,,,,,,,,,,,,
#0:1209.A T CB,T,0.06814285714285713,0.47699999999999987,-0.0561306122448978,-13.751999999999962,0.908,-0.7615714285714287,-5.331,-0.0487551020408163,-11.944999999999995,1.313,-0.4137142857142856,-2.895999999999999,0.09882040816326544,24.211000000000034,2.213,-0.006428571428571418,-0.04499999999999993,-0.043473469387755106,-10.651000000000002,-0.032,-0.18699999999999997,-1.3089999999999997,-0.1832163265306124,-44.88800000000004,0.326,0,1,0,11,0,0,0,0,0,0,0,0,0,0,0,0,0,0,0,0,0,0,0,0,0,0,0,0,8,0,0,0,0,0,0,0,0,0,0,0,0,,,,,,0,0,0,0,0,0,0,0,0,0,738428571,5169000000,2846718367,697446000000,510000000,1209.A,0,0,0,16,0,1sfn_A.pdb,0,2,0,48,1,0,3,0,127,1,0,1,0,13,1,0,0,0,0,0,41.813481978806,292.694373851642,46.09739684761551,11293.862227665799,52.58961892127991,1,,,,,,7,245,1,,,,,1.7,,,,,,,,,,,0,0,0,10,0,-0.942857142857143,-6.6000000000000005,-0.1832653061224491,-44.90000000000003,-0.7,-1,-2,-1,-29,0,-1,-1,-1,-10,0,0,1,0,19,0,,,,,,,,,,,0.24722641514285715,1.730584906,0.20207924901224475,49.50941600799997,0.830171969,0,3,0,117,1,9,0,9,,,,,,,,,,,,,,,,
#0:1221.A P CD,P,-0.516,-3.096,-0.0561306122448978,-13.751999999999962,-0.503,-1.0183333333333333,-6.11,-0.0487551020408163,-11.944999999999995,-1.853,-1.0579999999999998,-6.347999999999999,0.09882040816326544,24.211000000000034,-3.005,-0.1678333333333333,-1.007,-0.043473469387755106,-10.651000000000002,0.931,0.3551666666666667,2.1310000000000002,-0.1832163265306124,-44.88800000000004,-0.179,0,0,0,11,0,0,0,0,0,0,0,0,0,0,0,0,0,0,0,0,0,0,0,0,0,0,0,0,8,0,0,0,0,0,0,0,0,0,0,0,0,,,,,,0,0,0,0,0,0,0,0,0,0,8168333333,49010000000,2846718367,697446000000,480000000,1221.A,0,1,0,16,1,1sfn_A.pdb,0,1,0,48,1,0,1,0,127,0,0,0,0,13,0,0,0,0,0,0,53.15573857802277,318.9344314681366,46.09739684761551,11293.862227665799,50.19829239696264,1,,,,,,6,245,1,,,,,1.7,,,,,,,,,,,0,0,0,10,0,-0.85,-5.1,-0.1832653061224491,-44.90000000000003,-1.6,-1,-1,-1,-29,0,-1,-1,-1,-10,0,0,0,0,19,0,,,,,,,,,,,0.21603069416666668,1.296184165,0.20207924901224475,49.50941600799997,1.296184165,0,1,0,117,0,9,0,9,,,,,,,,,,,,,,,,
#0:1229.A R CD,R,0.67,0.67,-0.0561306122448978,-13.751999999999962,0.67,-2.647,-2.647,-0.0487551020408163,-11.944999999999995,-2.647,-4.76,-4.76,0.09882040816326544,24.211000000000034,-4.76,-0.228,-0.228,-0.043473469387755106,-10.651000000000002,-0.228,1.399,1.399,-0.1832163265306124,-44.88800000000004,1.399,1,1,0,11,1,0,0,0,0,0,0,0,0,0,0,0,0,0,0,0,0,0,0,0,0,0,0,0,8,0,0,0,0,0,0,0,0,0,0,0,0,,,,,,0,0,0,0,0,0,0,0,0,0,3500000000,3500000000,2846718367,697446000000,3500000000,1229.A,0,0,0,16,0,1sfn_A.pdb,1,1,0,48,1,0,0,0,127,0,0,0,0,13,0,0,0,0,0,0,237.44365007057786,237.44365007057786,46.09739684761551,11293.862227665799,237.44365007057786,9,,,,,,1,245,1,1.7,1.7,,,1.7,,,,,,,,,,,0,0,0,10,0,-4.5,-4.5,-0.1832653061224491,-44.90000000000003,-4.5,0,0,-1,-29,0,1,1,-1,-10,1,1,1,0,19,1,,,,,,,,,,,0.900412937,0.900412937,0.20207924901224475,49.50941600799997,0.900412937,0,0,0,117,0,9,0,9,,,,,,,,,,,,,,,,
#0:1233.A K CE,K,-0.07749999999999996,-0.6199999999999997,-0.0561306122448978,-13.751999999999962,-0.277,-0.06862500000000005,-0.5490000000000004,-0.0487551020408163,-11.944999999999995,1.648,-0.31349999999999995,-2.5079999999999996,0.09882040816326544,24.211000000000034,0.533,0.6007499999999999,4.805999999999999,-0.043473469387755106,-10.651000000000002,1.831,0.127375,1.019,-0.1832163265306124,-44.88800000000004,-0.561,0,1,0,11,0,0,0,0,0,0,0,0,0,0,0,0,0,0,0,0,0,0,0,0,0,0,1,0,8,1,0,0,0,0,0,0,0,0,0,0,0,,,,,,0,0,0,0,0,0,0,0,0,0,2478750000,19830000000,2846718367,697446000000,340000000,1233.A,0,0,0,16,0,1sfn_A.pdb,0,3,0,48,1,0,6,0,127,1,0,1,0,13,0,0,0,0,0,0,20.360887380025815,162.88709904020652,46.09739684761551,11293.862227665799,18.98397523164749,1,,,,,,8,245,1,,,,,1.7,,,,,,,,,,,0,0,0,10,0,-1.8000000000000003,-14.400000000000002,-0.1832653061224491,-44.90000000000003,-3.9,-1,-2,-1,-29,0,0,0,-1,-10,1,0,2,0,19,1,,,,,,,,,,,0.34247454237499997,2.7397963389999997,0.20207924901224475,49.50941600799997,1.009211433,0,6,0,117,1,9,0,9,,,,,,,,,,,,,,,,
#0:1238.A K CE,K,-0.0034999999999999754,-0.020999999999999852,-0.0561306122448978,-13.751999999999962,-0.277,1.1954999999999998,7.172999999999999,-0.0487551020408163,-11.944999999999995,1.648,1.3294999999999997,7.9769999999999985,0.09882040816326544,24.211000000000034,0.533,0.118,0.708,-0.043473469387755106,-10.651000000000002,1.831,-0.47400000000000003,-2.8440000000000003,-0.1832163265306124,-44.88800000000004,-0.561,0,0,0,11,0,0,0,0,0,0,0,0,0,0,0,0,0,0,0,0,0,0,0,0,0,0,1,0,8,1,0,0,0,0,0,0,0,0,0,0,0,,,,,,0,0,0,0,0,0,0,0,0,0,6110000000,36660000000,2846718367,697446000000,340000000,1238.A,0,0,0,16,0,1sfn_A.pdb,0,1,0,48,1,1,6,0,127,1,0,0,0,13,0,0,0,0,0,0,11.490186755234996,68.94112053140998,46.09739684761551,11293.862227665799,42.208130210638046,1,,,,,,6,245,1,,,,,1.7,,,,,,,,,,,0,0,0,10,0,-0.5833333333333334,-3.5000000000000004,-0.1832653061224491,-44.90000000000003,-3.9,0,0,-1,-29,0,0,1,-1,-10,1,0,1,0,19,1,,,,,,,,,,,0.1682019055,1.009211433,0.20207924901224475,49.50941600799997,1.009211433,1,6,0,117,1,9,0,9,,,,,,,,,,,,,,,,
#0:1242.A R CD,R,0.1842499999999999,1.4739999999999993,-0.0561306122448978,-13.751999999999962,0.67,-0.36375,-2.91,-0.0487551020408163,-11.944999999999995,-2.647,-0.012624999999999956,-0.10099999999999965,0.09882040816326544,24.211000000000034,-4.76,-0.07775000000000001,-0.6220000000000001,-0.043473469387755106,-10.651000000000002,-0.228,0.207,1.656,-0.1832163265306124,-44.88800000000004,1.399,0,1,0,11,1,0,0,0,0,0,0,0,0,0,0,0,0,0,0,0,0,0,0,0,0,0,0,0,8,0,0,0,0,0,0,0,0,0,0,0,0,,,,,,0,0,0,0,0,0,0,0,0,0,3341750000,26734000000,2846718367,697446000000,3500000000,1242.A,0,0,0,16,0,1sfn_A.pdb,0,2,0,48,1,0,0,0,127,0,0,1,0,13,0,0,0,0,0,0,63.78492854803335,510.2794283842668,46.09739684761551,11293.862227665799,27.160972835496068,1,,,,,,8,245,1,,,,,1.7,,,,,,,,,,,0,0,0,10,0,-1.6,-12.8,-0.1832653061224491,-44.90000000000003,-4.5,-1,-1,-1,-29,0,0,0,-1,-10,1,0,1,0,19,1,,,,,,,,,,,0.21632311325,1.730584906,0.20207924901224475,49.50941600799997,0.900412937,0,0,0,117,0,9,0,9,,,,,,,,,,,,,,,,
#0:1244.A P CD,P,-0.2566,-1.283,-0.0561306122448978,-13.751999999999962,-0.503,-0.19200000000000003,-0.9600000000000002,-0.0487551020408163,-11.944999999999995,-1.853,-0.0636000000000001,-0.3180000000000005,0.09882040816326544,24.211000000000034,-3.005,-0.18780000000000002,-0.9390000000000001,-0.043473469387755106,-10.651000000000002,0.931,-0.004200000000000026,-0.02100000000000013,-0.1832163265306124,-44.88800000000004,-0.179,0,1,0,11,0,0,0,0,0,0,0,0,0,0,0,0,0,0,0,0,0,0,0,0,0,0,0,0,8,0,0,0,0,0,0,0,0,0,0,0,0,,,,,,0,0,0,0,0,0,0,0,0,0,6336000000,31680000000,2846718367,697446000000,480000000,1244.A,0,1,0,16,1,1sfn_A.pdb,0,2,0,48,1,0,0,0,127,0,0,0,0,13,0,0,0,0,0,0,108.65031496472656,543.2515748236328,46.09739684761551,11293.862227665799,97.47059586644173,1,,,,,,5,245,1,,,,,1.7,,,,,,,,,,,0,0,0,10,0,-1.3600000000000003,-6.800000000000002,-0.1832653061224491,-44.90000000000003,-1.6,0,0,-1,-29,0,0,1,-1,-10,0,0,1,0,19,0,,,,,,,,,,,0.43931942040000005,2.196597102,0.20207924901224475,49.50941600799997,1.296184165,0,0,0,117,0,9,0,9,,,,,,,,,,,,,,,,
