Atom,Contact with: K at distance: 10,Contact with: K at distance: 12,Contact with: K at distance: 5,Contact with: K at distance: 8,Contact with: P at distance: 10,Contact with: P at distance: 12,Contact with: P at distance: 5,Contact with: P at distance: 8,Contact with: R at distance: 10,Contact with: R at distance: 12,Contact with: R at distance: 5,Contact with: R at distance: 8,Contact with: T at distance: 10,Contact with: T at distance: 12,Contact with: T at distance: 5,Contact with: T at distance: 8,Depth,Hydrophobicity,Interatomic distance to: #0:100.C R CD,Interatomic distance to: #0:111.C R CD,Interatomic distance to: #0:116.C K CE,Interatomic distance to: #0:129.C K CE,Interatomic distance to: #0:13.C R CD,Interatomic distance to: #0:130.C T CB,Interatomic distance to: #0:131.C K CE,Interatomic distance to: #0:138.C K CE,Interatomic distance to: #0:14.C T CB,Interatomic distance to: #0:145.C T CB,Interatomic distance to: #0:147.C K CE,Interatomic distance to: #0:152.C T CB,Interatomic distance to: #0:157.C T CB,Interatomic distance to: #0:158.C R CD,Interatomic distance to: #0:159.C R CD,Interatomic distance to: #0:162.C R CD,Interatomic distance to: #0:171.C P CD,Interatomic distance to: #0:18.C P CD,Interatomic distance to: #0:182.C R CD,Interatomic distance to: #0:185.C R CD,Interatomic distance to: #0:20.C P CD,Interatomic distance to: #0:32.C T CB,Interatomic distance to: #0:38.C R CD,Interatomic distance to: #0:39.C R CD,Interatomic distance to: #0:40.C R CD,Interatomic distance to: #0:42.C T CB,Interatomic distance to: #0:45.C T CB,Interatomic distance to: #0:46.C R CD,Interatomic distance to: #0:47.C T CB,Interatomic distance to: #0:48.C R CD,Interatomic distance to: #0:53.C K CE,Interatomic distance to: #0:54.C T CB,Interatomic distance to: #0:56.C R CD,Interatomic distance to: #0:57.C K CE,Interatomic distance to: #0:62.C K CE,Interatomic distance to: #0:64.C T CB,Interatomic distance to: #0:68.C R CD,Interatomic distance to: #0:72.C R CD,Interatomic distance to: #0:75.C P CD,Interatomic distance to: #0:76.C T CB,Interatomic distance to: #0:86.C P CD,Interatomic distance to: #0:87.C K CE,Interatomic distance to: #0:88.C P CD,Interatomic distance to: #0:89.C R CD,Interatomic distance to: #0:94.C T CB,Interatomic distance to: #0:96.C P CD,Interatomic distance to: #0:97.C R CD,Total Residues in Helicies,Total Residues in Sheets,Total Residues with Secondary Structure,Total Solvent Accessible Surface Area,Within a Helix?,Within a Sheet?
#0:100.C R CD,0,0,0,0,3,3,3,3,3,3,3,3,4,4,4,4,1.7,-4.5,0.0,19.661718795669927,24.62434415370286,40.35759548090049,29.38382599322287,33.43186770134149,42.05994161907503,38.9762951933608,23.758527016631316,32.6829302541862,24.07001547569091,22.16493965703494,27.46627834272419,22.396843058788445,31.87959651563991,32.701849657167706,18.679808912298864,15.845645016849266,17.58362729928043,25.483820514200776,19.863571330453137,11.513839715750793,12.712946393342497,16.735260559668628,20.224146607459122,23.867785527777812,31.156517231552055,35.76270764357754,32.17985697606501,32.869345308356834,44.528749769109844,45.94312141115359,46.17589507524461,54.33084355133832,64.43117004990674,61.09621034074044,53.38362109299068,50.61642861759411,40.17601815760243,44.52101125311509,29.055371998995305,29.654510854168542,25.946643925563862,20.435643102187907,6.94838808645573,6.952598003624254,6.989701281170754,65,11,76,13663.369127126272,True,False
#0:111.C R CD,2,2,2,2,0,0,0,0,4,4,4,4,0,0,0,0,1.7,-4.5,19.661718795669927,0.0,9.226386670847917,29.72264794731451,18.502484103492705,22.66654446535686,28.641476550624965,22.56205905940324,17.74186664362011,15.07584929614248,12.366843210779374,15.06272491948254,19.378137526604554,17.721774092906166,25.59876543898163,24.121752942106006,16.902835058060532,13.17399157431035,11.602738512954593,6.001698592898517,17.94899111370887,19.208790149304036,18.763647246737502,25.444832088264995,29.312738493699285,32.97805643151215,40.89973862997171,46.49068259339713,43.77710681395014,45.52356333812193,55.82510770253829,56.64211910760401,58.863731668999705,67.44651364599953,75.28045798213503,70.95256537997761,64.16141882003545,59.69067707774807,50.909121550071944,53.733317904257504,38.72906316966626,42.09447227368458,38.2914416155882,33.42244109875878,26.24390041514408,23.872138928047487,23.279761467850147,65,11,76,13663.369127126272,True,False
#0:116.C K CE,0,0,0,0,0,0,0,0,5,5,5,5,1,1,1,1,1.7,-3.9,24.62434415370286,9.226386670847917,0.0,32.33819163156777,9.810696458457986,27.25377428907784,31.544022635041333,24.898280703695182,11.921344345332868,19.868272068803556,21.017461311966297,17.730255074307323,22.13091098441273,22.544946972658874,29.773024350912035,30.575118413507415,22.61746992923834,12.030937660880804,20.67333533806289,10.236915209182898,17.38266150507453,26.382123493001846,27.104307425204578,33.788770486657256,37.73442699975714,41.644559800771106,49.55657989611471,55.13934822792159,52.102006583240154,53.74109764416801,64.46705919304836,65.33225244854184,67.17784724892574,75.6922055168166,83.41933881900526,79.45994030327483,72.19354185798062,68.51723637888499,59.25500054847692,62.13883373543472,47.24913646829961,50.340762201222184,46.5219357507832,41.23311162160819,31.495185378085964,28.27805003885523,25.985418007028493,65,11,76,13663.369127126272,False,False
#0:129.C K CE,3,3,3,3,0,0,0,0,1,1,1,1,2,2,2,2,1.7,-3.9,40.35759548090049,29.72264794731451,32.33819163156777,0.0,36.10079382783708,8.96163394699872,7.594488659547775,14.717387471966614,34.93790287066469,24.99979009911882,27.7100694694185,19.717136430019444,13.782851192695949,18.15232850077367,10.185254292358152,14.560492780122509,22.01378654389108,39.70182175920898,28.60235305005516,27.205029406343225,47.03749214190739,42.71806276038276,34.63065285263909,42.88932656267757,39.14414575642187,43.84120232156048,53.43239595039698,56.31697222862749,57.534133538274475,58.25618245302381,63.05366546839287,66.51040655416263,70.10535051620525,78.44313926660507,89.73341925392123,83.46843403946188,79.85329238046481,69.97572902799942,65.25393899221716,68.46757070321686,53.26004974650324,54.716599866950794,50.582527081987514,50.04442226662228,45.547292389339674,47.03489842659385,42.729185962290465,65,11,76,13663.369127126272,False,False
#0:13.C R CD,2,2,2,2,0,0,0,0,0,0,0,0,3,3,3,3,1.7,-4.5,29.38382599322287,18.502484103492705,9.810696458457986,36.10079382783708,0.0,33.0241382022302,36.49865319433033,30.74926003987738,7.632456354280694,28.574175998618045,30.40967788385796,21.62880842765038,25.854370307551477,27.465628793093376,34.089958785542706,37.51892617066751,27.975896428890355,15.506609945439397,29.28493283243108,19.54526976022588,21.398634909731975,33.79611689232951,34.57710609637539,41.55309579321377,44.91870674897041,49.25101588799971,57.4389912341782,62.72289736611343,59.60030514183631,60.914410454341585,71.84436925744424,73.10740905681175,74.42371756369066,82.83590313988253,91.25077170084644,87.60887335196134,79.97391881732443,76.77133997788498,67.06170744172863,70.32200165666504,55.167402730235544,57.51432306825839,53.60309674822901,48.23373030359564,36.035191951757376,32.79794092622279,28.387804247599007,65,11,76,13663.369127126272,False,False
#0:130.C T CB,5,5,5,5,0,0,0,0,5,5,5,5,1,1,1,1,1.7,-0.7,33.43186770134149,22.66654446535686,27.25377428907784,8.96163394699872,33.0241382022302,0.0,9.280477843300952,11.912093224954212,31.559246727385624,18.089755719743696,18.960640838326107,15.245977502279091,10.650988686502307,12.623780772811296,8.264680635088101,7.027902176325447,15.80349812541515,33.69830880029441,20.001625208967397,20.502610516712256,40.32556062846491,34.41480769959351,26.48386387972873,34.46535237017025,31.547588433983353,35.99415955401654,45.39237012979164,48.80361673073011,49.545439840615,50.54595217225609,56.14038501827361,59.02062848699597,62.650280063220784,71.11690460783569,81.63390506401123,75.53801981783742,71.57378868692086,62.26717310108112,57.10071348941272,60.14335767979703,44.98345335787372,46.99902796867187,42.921240627456235,41.98482662819986,38.569179547924016,39.830980969592005,36.83039877601111,65,11,76,13663.369127126272,True,False
#0:131.C K CE,5,5,5,5,0,0,0,0,0,0,0,0,2,2,2,2,1.7,-3.9,42.05994161907503,28.641476550624965,31.544022635041333,7.594488659547775,36.49865319433033,9.280477843300952,0.0,8.970962824580212,36.60770239990486,20.28181123568603,25.189707501279162,22.48051505192886,17.481838032655492,21.272090494354334,15.307048670465518,13.979994062945801,24.759642525690875,40.13289948408911,27.916545739041567,24.880767130456405,46.45643017925506,42.536208904884795,35.278495050100986,42.94970243203088,40.38017400903567,44.50044445845457,53.51235277017821,56.93080061794318,57.88672485121265,59.047564183461446,64.0397232114568,66.78378502301288,70.83083690738094,79.2264672189793,89.14456385557114,82.7975313460492,79.26623716312008,69.53344079649733,65.05507944811073,67.67427601385921,53.129478531225956,55.568988932677186,51.61775859139952,50.737691807964616,47.51486876757632,48.31987659338546,45.24839472290702,65,11,76,13663.369127126272,True,False
#0:138.C K CE,2,2,2,2,0,0,0,0,0,0,0,0,1,1,1,1,1.7,-3.9,38.9762951933608,22.56205905940324,24.898280703695182,14.717387471966614,30.74926003987738,11.912093224954212,8.970962824580212,0.0,32.12731574532799,12.627834533283995,20.284112354254002,20.97851741663363,18.0126371472919,21.34457579808042,19.41602691077659,16.27605566468732,24.25501725416827,34.60005001441472,24.252052325524943,17.720989221823928,39.96856851327052,38.34700470701721,32.9541206072928,40.319371485676704,39.90417027078749,43.734832810930016,52.325758217153435,56.679209424620595,56.56051675860114,58.1495058448479,64.67193817259538,66.53319494808588,70.42867342922199,78.97770329656339,87.52117662029002,81.61597434938824,77.25664997914419,68.92248980557798,63.45052403250898,65.73733152478887,51.34894134254376,54.66681418374406,50.785511674098544,48.695712603883315,44.975916244141146,44.62701988705946,42.43653778290591,65,11,76,13663.369127126272,True,False
#0:14.C T CB,1,1,1,1,0,0,0,0,3,3,3,3,0,0,0,0,1.8257,-0.7,23.758527016631316,17.74186664362011,11.921344345332868,34.93790287066469,7.632456354280694,31.559246727385624,36.60770239990486,32.12731574532799,0.0,30.111165636686987,29.467448803722384,17.778146303819202,22.847110583178782,23.432545764385065,30.997075603998532,35.57021834344007,23.373911717981663,12.542698194567222,26.659512767490703,20.600871389336913,20.590152063547258,30.261917503687698,30.297862861924767,37.53198284130483,40.08749498284971,44.717338583596415,53.18283636663242,58.03338645986463,55.077294023944205,56.03432315108303,66.85579566499825,68.5784945956092,69.51323046730025,77.83882087364891,87.34822472151338,83.74997228656258,76.13793268141708,72.77762616354012,62.93481749397547,66.68436117261678,51.096637208333,52.62323156173516,48.623910836130825,43.51920395641447,30.16968659101384,27.68279734781151,21.8362837955546,65,11,76,13663.369127126272,False,False
#0:145.C T CB,1,1,1,1,0,0,0,0,1,1,1,1,0,0,0,0,1.7,-0.7,32.6829302541862,15.07584929614248,19.868272068803556,24.99979009911882,28.574175998618045,18.089755719743696,20.28181123568603,12.627834533283995,30.111165636686987,0.0,11.00302953735925,21.930532004490914,22.141690766515545,22.42518399032659,25.167954068616712,18.93628487850772,23.405051612846318,28.01465827026986,16.955653599905837,10.01276435356389,31.120723545573288,29.146400583948605,26.309117240987007,32.1035667800324,34.46538132677484,37.34859384233897,44.76135918401049,50.111408681057846,48.77806221038306,50.91330006000397,58.92705064738944,59.55367851778763,63.29240177146068,71.83260676740056,78.54719484488291,73.18395844718978,68.03289034724308,61.38119993939513,54.987940650655396,56.76177358927397,43.1440415121254,47.60024911699517,44.07414431387182,40.83015112634289,38.49161172255585,37.0470016195643,37.319385069960624,65,11,76,13663.369127126272,False,False
#0:147.C K CE,0,0,0,0,0,0,0,0,4,4,4,4,1,1,1,1,1.7,-3.9,24.07001547569091,12.366843210779374,21.017461311966297,27.7100694694185,30.40967788385796,18.960640838326107,25.189707501279162,20.284112354254002,29.467448803722384,11.00302953735925,0.0,19.655218162106475,21.29701342911723,18.44930681624651,23.707843997293388,16.984068593832276,17.569597661870343,24.298356755138812,6.998519414847677,11.92882663969931,27.287778674710776,19.403723560182975,15.756097518103896,21.171357514339977,23.810028748407667,26.543449530910635,34.08699451403717,39.505908861839885,37.96855396245687,40.020744920603356,48.53663359772698,49.203729878943115,52.61477010308036,61.20528898714555,68.6414205054062,63.40595386081657,57.988858222937964,51.49857591234926,44.53328016214391,46.75988316922958,32.43738745645216,36.67384761652368,33.12127138260244,29.88023918913635,28.991146752068975,28.28407866627443,29.78678480467471,65,11,76,13663.369127126272,False,False
#0:152.C T CB,0,0,0,0,3,3,3,3,3,3,3,3,3,3,3,3,2.0791,-0.7,22.16493965703494,15.06272491948254,17.730255074307323,19.717136430019444,21.62880842765038,15.245977502279091,22.48051505192886,20.97851741663363,17.778146303819202,21.930532004490914,19.655218162106475,0.0,6.097649547161586,6.038651256696315,13.581085891783474,18.822053793356343,7.946065378537987,21.149477109375546,16.621355329815923,16.53715132663424,29.385516466449932,27.152072572825826,21.21123513612539,30.20032009764136,29.05881976268135,34.32139035645264,44.087017567533415,48.027427601319644,47.100452832218075,47.83776162196555,56.14500873630709,58.90075219383874,61.01305209543282,69.5543174864077,80.58427430956985,75.62861767875967,69.84794775081083,63.12537784441373,55.40184019506933,59.25150277419131,42.96763863653669,44.17563611313367,39.824873395906735,37.03527876228287,28.154212917430314,28.770266543777453,23.61914185570678,65,11,76,13663.369127126272,False,False
#0:157.C T CB,0,0,0,0,1,1,1,1,5,5,5,5,4,4,4,4,1.7,-0.7,27.46627834272419,19.378137526604554,22.13091098441273,13.782851192695949,25.854370307551477,10.650988686502307,17.481838032655492,18.0126371472919,22.847110583178782,22.141690766515545,21.29701342911723,6.097649547161586,0.0,6.279456425519649,8.270604451912826,15.424950858916858,10.21610400299449,27.05371028158614,19.463136925994228,19.2946169176794,35.075029180315724,31.70961388916617,24.52452784458857,33.494587532913435,31.02984589069047,36.29837899961925,46.24830022822461,49.74904049325976,49.644354976170256,50.301127870058735,57.39334137336839,60.53902043310579,63.10883747938952,71.61714655723168,83.02224843980076,77.60676461494835,72.5468341073544,64.65389449986752,57.89860244427321,61.65197032536755,45.51033697963574,46.63787445842702,42.28483194953009,40.40772613003607,33.0399592463429,34.21137344509863,29.18644490170051,65,11,76,13663.369127126272,True,False
#0:158.C R CD,0,0,0,0,4,4,4,4,2,2,2,2,6,6,6,6,1.9299,-4.5,22.396843058788445,17.721774092906166,22.544946972658874,18.15232850077367,27.465628793093376,12.623780772811296,21.272090494354334,21.34457579808042,23.432545764385065,22.42518399032659,18.44930681624651,6.038651256696315,6.279456425519649,0.0,9.781039055233347,14.51038414377786,4.070516183483369,24.98370206754796,15.005846127426478,19.109280337050905,32.6523354294911,26.527873152591795,18.630348064381412,27.601027317837293,24.865550647431885,30.214827171440184,40.21196604246055,43.68850975943217,43.49031731316754,44.08558279074917,51.43063696863962,54.53491268902885,56.94251611054784,65.45025718818835,76.9910394851245,71.67845222240781,66.51874886075353,58.81004442270045,51.83731679012717,55.74674232634586,39.493977629507015,40.42116224207315,36.05494939671945,34.25095388452707,27.510711259434938,29.22124384758459,24.85077099407582,65,11,76,13663.369127126272,True,False
#0:159.C R CD,1,1,1,1,0,0,0,0,3,3,3,3,4,4,4,4,1.7,-4.5,31.87959651563991,25.59876543898163,29.773024350912035,10.185254292358152,34.089958785542706,8.264680635088101,15.307048670465518,19.41602691077659,30.997075603998532,25.167954068616712,23.707843997293388,13.581085891783474,8.270604451912826,9.781039055233347,0.0,11.373830181605493,13.210739456972123,34.260017425564754,22.288296323407057,25.098377836027584,41.89519368614973,35.240434432623005,26.34664027917033,34.77669656537263,30.227030849886667,35.32809626911702,45.27567368907944,47.922567126563656,49.03435882113684,49.45781672294077,54.68926068251426,58.43132068505726,61.49148921598826,69.82230625666844,81.93576609759623,75.95614430709341,71.97253201743008,62.5130289619692,57.168352232682025,60.89807948531711,45.1743417660955,45.8843643521407,41.637651002428086,41.248311444227625,36.45201186491632,38.711282812637464,34.251542651390174,65,11,76,13663.369127126272,True,False
#0:162.C R CD,0,0,0,0,0,0,0,0,1,1,1,1,3,3,3,3,1.7,-4.5,32.701849657167706,24.121752942106006,30.575118413507415,14.560492780122509,37.51892617066751,7.027902176325447,13.979994062945801,16.27605566468732,35.57021834344007,18.93628487850772,16.984068593832276,18.822053793356343,15.424950858916858,14.51038414377786,11.373830181605493,0.0,16.28490067516532,35.492446647138884,18.046087276747837,22.584723930125865,41.322657041869896,32.158409009153424,23.496594412807998,30.491489648752815,26.87580043459171,30.793911167631826,39.81314774041359,42.98891900245923,44.220099004864295,45.27026452319447,50.091602439929986,52.8965888314171,56.88754701162637,65.26541079316058,75.63335116864783,69.28882704303776,65.84967466890024,55.90695810898676,51.46568289646996,54.33046290986301,39.68747667715851,41.83760869122422,37.96368369903005,37.78181459379631,36.99627129860521,38.77490884579873,37.07179384653513,65,11,76,13663.369127126272,False,False
#0:171.C P CD,0,0,0,0,0,0,0,0,4,4,4,4,4,4,4,4,1.7,-1.6,18.679808912298864,16.902835058060532,22.61746992923834,22.01378654389108,27.975896428890355,15.80349812541515,24.759642525690875,24.25501725416827,23.373911717981663,23.405051612846318,17.569597661870343,7.946065378537987,10.21610400299449,4.070516183483369,13.210739456972123,16.28490067516532,0.0,23.186295801615234,12.792564011956328,19.403860260267813,30.541894587598854,22.984906308271096,14.943281400013856,23.932681358343455,21.414887555156575,26.8221429979038,36.78954668108864,40.36931459660914,39.871877783721196,40.444219240825994,48.29256233624387,51.26801308808446,53.43855186099264,61.95220849977828,73.4852110087465,68.36148221769331,62.9439138757672,55.674925585940386,48.29775611765002,52.335407192454326,35.97338395258361,36.777654044269866,32.39868747341472,30.36529785791669,23.555087730679336,25.504489526355943,21.559511891506265,65,11,76,13663.369127126272,True,False
#0:18.C P CD,0,0,0,0,2,2,2,2,0,0,0,0,0,0,0,0,1.7,-1.6,15.845645016849266,13.17399157431035,12.030937660880804,39.70182175920898,15.506609945439397,33.69830880029441,40.13289948408911,34.60005001441472,12.542698194567222,28.01465827026986,24.298356755138812,21.149477109375546,27.05371028158614,24.98370206754796,34.260017425564754,35.492446647138884,23.186295801615234,0.0,20.941283126876435,18.28575746311867,9.109127290800139,19.634364491880042,23.1778925271475,28.35863201919303,33.48373623119141,37.06381256697698,44.17277217925088,49.69978967762338,45.69889759064216,47.07829564672026,59.00222448348875,59.660811283454734,60.418546755114846,68.63392695307475,76.59334367946082,73.46186111173607,65.29563479284047,63.38254439512506,52.87838697426388,56.24267114033615,41.57419377450392,43.90082293078343,40.33213380172192,34.148656357168726,22.07409529289931,17.808393442419224,16.115713636075824,65,11,76,13663.369127126272,False,False
#0:182.C R CD,3,3,3,3,0,0,0,0,3,3,3,3,0,0,0,0,1.9699,-4.5,17.58362729928043,11.602738512954593,20.67333533806289,28.60235305005516,29.28493283243108,20.001625208967397,27.916545739041567,24.252052325524943,26.659512767490703,16.955653599905837,6.998519414847677,16.621355329815923,19.463136925994228,15.005846127426478,22.288296323407057,18.046087276747837,12.792564011956328,20.941283126876435,0.0,14.181010013394667,24.943719911031707,14.683820551886352,9.414621235078979,16.52011552623044,18.713543838621273,22.281554636066137,30.71514266611829,35.91053367746016,34.16364579490895,35.82079717147568,45.00427825218399,46.18431946018042,48.925382645412185,57.58001450156122,66.3081715250843,61.34158264179365,55.48147979281014,49.33700174311365,41.531093773220086,44.53749882963794,29.0723954809369,32.308838806122395,28.42678036640801,24.938629793956206,22.404724591032128,22.388841551094156,23.398831616129904,65,11,76,13663.369127126272,True,False
#0:185.C R CD,2,2,2,2,0,0,0,0,3,3,3,3,1,1,1,1,1.7,-4.5,25.483820514200776,6.001698592898517,10.236915209182898,27.205029406343225,19.54526976022588,20.502610516712256,24.880767130456405,17.720989221823928,20.600871389336913,10.01276435356389,11.92882663969931,16.53715132663424,19.2946169176794,19.109280337050905,25.098377836027584,22.584723930125865,19.403860260267813,18.28575746311867,14.181010013394667,0.0,22.37701012199798,24.109883056539278,22.851363679220544,29.474655858890024,32.83498899040473,36.36217686002861,44.247738721882726,49.82269147687627,47.544925985850476,49.445972222214415,59.05156986905598,59.818986325413434,62.56939911809925,71.18315708789545,78.57963149569994,73.91459778690539,67.60111070833081,62.445510631269556,54.39988583627727,56.84406567971717,42.22472183448933,46.02029689169768,42.258721360211545,37.8604401057357,31.97064792899887,29.765240046067166,29.13377160616182,65,11,76,13663.369127126272,False,True
#0:20.C P CD,0,0,0,0,2,2,2,2,0,0,0,0,0,0,0,0,1.7,-1.6,19.863571330453137,17.94899111370887,17.38266150507453,47.03749214190739,21.398634909731975,40.32556062846491,46.45643017925506,39.96856851327052,20.590152063547258,31.120723545573288,27.287778674710776,29.385516466449932,35.075029180315724,32.6523354294911,41.89519368614973,41.322657041869896,30.541894587598854,9.109127290800139,24.943719911031707,22.37701012199798,0.0,19.62170983884941,26.655809760725703,29.290370943366355,36.61455371843278,39.02332366675089,44.40830334520787,50.51257960152104,45.50696703802616,47.332981788600634,60.06025606006021,59.586027380586465,60.14645957992872,68.06737565824027,73.9454562228133,71.47375049624861,62.66527825678268,62.61989097722863,51.59975931145416,54.301887711202085,41.30796499465932,44.53511704262154,41.58055104252467,34.528182966961936,24.611529554255647,18.745196211296374,21.07829523467209,65,11,76,13663.369127126272,False,False
#0:32.C T CB,0,0,0,0,1,1,1,1,4,4,4,4,0,0,0,0,1.7,-0.7,11.513839715750793,19.208790149304036,26.382123493001846,42.71806276038276,33.79611689232951,34.41480769959351,42.536208904884795,38.34700470701721,30.261917503687698,29.146400583948605,19.403723560182975,27.152072572825826,31.70961388916617,26.527873152591795,35.240434432623005,32.158409009153424,22.984906308271096,19.634364491880042,14.683820551886352,24.109883056539278,19.62170983884941,0.0,10.473472251359631,9.697545823557638,18.143183320465027,19.596772718996373,25.000639731814875,31.048823407659103,26.598336902896772,28.472561247629272,40.67147134048633,40.49137984806149,41.639871769735315,49.946065070233516,57.46324481788337,53.95104155621094,46.20209213877657,43.846032397470125,33.44442563417707,36.69638649785562,22.140489628732247,25.45050559419204,22.374081567742625,15.75086175420254,13.298711441338972,11.339872926977637,18.101467150482602,65,11,76,13663.369127126272,True,False
#0:38.C R CD,0,0,0,0,0,0,0,0,5,5,5,5,1,1,1,1,1.7,-4.5,12.712946393342497,18.763647246737502,27.104307425204578,34.63065285263909,34.57710609637539,26.48386387972873,35.278495050100986,32.9541206072928,30.297862861924767,26.309117240987007,15.756097518103896,21.21123513612539,24.52452784458857,18.630348064381412,26.34664027917033,23.496594412807998,14.943281400013856,23.1778925271475,9.414621235078979,22.851363679220544,26.655809760725703,10.473472251359631,0.0,9.04578830174574,10.799849535988919,14.690373855011318,23.503314276926993,28.362705406924775,26.326484326624396,27.542431791691886,37.45445807911256,38.95450712048607,40.9342977709402,49.55402636517037,59.5025623818,54.84099565106381,48.67119235235562,42.95503248747462,34.38203776683401,38.21044910754125,21.951434805041792,23.955832734430253,19.8786707050547,16.358282336480197,15.056806600338597,16.973924384184116,19.231428392087786,65,11,76,13663.369127126272,True,False
#0:39.C R CD,0,0,0,0,0,0,0,0,5,5,5,5,3,3,3,3,1.7,-4.5,16.735260559668628,25.444832088264995,33.788770486657256,42.88932656267757,41.55309579321377,34.46535237017025,42.94970243203088,40.319371485676704,37.53198284130483,32.1035667800324,21.171357514339977,30.20032009764136,33.494587532913435,27.601027317837293,34.77669656537263,30.491489648752815,23.932681358343455,28.35863201919303,16.52011552623044,29.474655858890024,29.290370943366355,9.697545823557638,9.04578830174574,0.0,10.085977691825418,10.05554265069768,15.951765419538994,21.78735761858238,18.352668933972517,20.173848889094018,31.423139276654076,31.67691785827655,33.46071604135213,42.01425114172571,50.818729677157414,46.48351365807021,39.85064321940111,35.316070534531434,25.894611659571183,29.570089296449545,13.657495597656256,16.889018799207964,13.591662628243824,8.735028162518999,15.837914035629822,17.548404628341586,23.381581084263754,65,11,76,13663.369127126272,True,False
#0:40.C R CD,0,0,0,0,1,1,1,1,2,2,2,2,3,3,3,3,1.7,-4.5,20.224146607459122,29.312738493699285,37.73442699975714,39.14414575642187,44.91870674897041,31.547588433983353,40.38017400903567,39.90417027078749,40.08749498284971,34.46538132677484,23.810028748407667,29.05881976268135,31.02984589069047,24.865550647431885,30.227030849886667,26.87580043459171,21.414887555156575,33.48373623119141,18.713543838621273,32.83498899040473,36.61455371843278,18.143183320465027,10.799849535988919,10.085977691825418,0.0,5.744583013587659,15.84430503367061,18.98913368218781,18.954553463482064,19.36653941725263,27.352165362179274,29.910202857887803,32.118315397915865,40.682190808755614,52.492448599774804,47.26514502252161,42.34023990248519,34.641033558483784,27.48036973914288,31.94993397489265,15.837955044765094,15.736409437988065,11.475550052176148,12.447073993513495,18.956132385062105,23.220002347114445,25.83207266171262,65,11,76,13663.369127126272,False,False
#0:42.C T CB,1,1,1,1,4,4,4,4,5,5,5,5,1,1,1,1,1.7,-0.7,23.867785527777812,32.97805643151215,41.644559800771106,43.84120232156048,49.25101588799971,35.99415955401654,44.50044445845457,43.734832810930016,44.717338583596415,37.34859384233897,26.543449530910635,34.32139035645264,36.29837899961925,30.214827171440184,35.32809626911702,30.793911167631826,26.8221429979038,37.06381256697698,22.281554636066137,36.36217686002861,39.02332366675089,19.596772718996373,14.690373855011318,10.05554265069768,5.744583013587659,0.0,10.173011451875992,13.872902724376027,13.731073701644748,14.571904645584254,22.87050139371675,24.62695549596011,27.169597899122465,35.80364206334322,46.9412129157311,41.62662638264119,36.83226016687002,29.06488100784175,21.956991619982915,26.28349438335779,10.463139395038196,11.076335043686607,7.420237529890799,10.044762266972773,21.69144902951391,25.51264433570147,29.72140309608549,65,11,76,13663.369127126272,False,False
#0:45.C T CB,3,3,3,3,8,8,8,8,7,7,7,7,4,4,4,4,2.3428,-0.7,31.156517231552055,40.89973862997171,49.55657989611471,53.43239595039698,57.4389912341782,45.39237012979164,53.51235277017821,52.325758217153435,53.18283636663242,44.76135918401049,34.08699451403717,44.087017567533415,46.24830022822461,40.21196604246055,45.27567368907944,39.81314774041359,36.78954668108864,44.17277217925088,30.71514266611829,44.247738721882726,44.40830334520787,25.000639731814875,23.503314276926993,15.951765419538994,15.84430503367061,10.173011451875992,0.0,6.9330152170610315,5.09208886411068,7.449940872248586,16.56282119688551,15.789895534803257,18.552096970423577,27.121017882815533,36.8285013270972,31.617908501354094,26.75315579515807,19.668299723158576,11.906088568459415,16.215460431329113,3.713350239339143,6.066707179351907,7.596198852057509,11.647112646488827,27.707062727759507,30.81232027939474,36.88044134768455,65,11,76,13663.369127126272,False,False
#0:46.C R CD,5,5,5,5,3,3,3,3,3,3,3,3,7,7,7,7,1.7,-4.5,35.76270764357754,46.49068259339713,55.13934822792159,56.31697222862749,62.72289736611343,48.80361673073011,56.93080061794318,56.679209424620595,58.03338645986463,50.111408681057846,39.505908861839885,48.027427601319644,49.74904049325976,43.68850975943217,47.922567126563656,42.98891900245923,40.36931459660914,49.69978967762338,35.91053367746016,49.82269147687627,50.51257960152104,31.048823407659103,28.362705406924775,21.78735761858238,18.98913368218781,13.872902724376027,6.9330152170610315,0.0,7.370425835730248,6.4916484039109825,9.779328504554911,10.956053349632798,13.901511068944986,22.362933685006542,34.76959881850811,29.11377292622857,25.943471028372436,16.552073284033032,12.04298306068724,16.861336038404552,10.453039270948903,7.135125787258408,9.932887042547087,16.557904486981425,31.746535637766836,35.70859113714793,40.93223245805192,65,11,76,13663.369127126272,False,False
#0:47.C T CB,4,4,4,4,7,7,7,7,8,8,8,8,3,3,3,3,2.0862,-0.7,32.17985697606501,43.77710681395014,52.102006583240154,57.534133538274475,59.60030514183631,49.545439840615,57.88672485121265,56.56051675860114,55.077294023944205,48.77806221038306,37.96855396245687,47.100452832218075,49.644354976170256,43.49031731316754,49.03435882113684,44.220099004864295,39.871877783721196,45.69889759064216,34.16364579490895,47.544925985850476,45.50696703802616,26.598336902896772,26.326484326624396,18.352668933972517,18.954553463482064,13.731073701644748,5.09208886411068,7.370425835730248,0.0,3.656884192861462,15.725679985297939,14.241326412943424,15.221915943796295,23.717831561928254,33.815107407784474,29.4025753463876,23.573214672589735,18.79489082171003,8.921936112750414,14.387308990912798,5.944356399140285,4.527733318118458,8.317986535213906,11.795436999111132,27.80607555912916,30.926546654937084,37.37902485351912,65,11,76,13663.369127126272,False,False
#0:48.C R CD,4,4,4,4,5,5,5,5,3,3,3,3,7,7,7,7,1.9722,-4.5,32.869345308356834,45.52356333812193,53.74109764416801,58.25618245302381,60.914410454341585,50.54595217225609,59.047564183461446,58.1495058448479,56.03432315108303,50.91330006000397,40.020744920603356,47.83776162196555,50.301127870058735,44.08558279074917,49.45781672294077,45.27026452319447,40.444219240825994,47.07829564672026,35.82079717147568,49.445972222214415,47.332981788600634,28.472561247629272,27.542431791691886,20.173848889094018,19.36653941725263,14.571904645584254,7.449940872248586,6.4916484039109825,3.656884192861462,0.0,13.67789168695235,13.498207214293318,13.529925535641354,22.06133794673388,34.07606803902118,29.752084918539747,24.371919784867174,19.20389223569014,10.409883092523183,16.335474832400816,9.090906940454301,3.669324052192717,8.05720857369349,12.962280432084464,28.0613690685255,31.773331993985142,37.632637709839045,65,11,76,13663.369127126272,False,False
#0:53.C K CE,0,0,0,0,0,0,0,0,3,3,3,3,3,3,3,3,1.7,-3.9,44.528749769109844,55.82510770253829,64.46705919304836,63.05366546839287,71.84436925744424,56.14038501827361,64.0397232114568,64.67193817259538,66.85579566499825,58.92705064738944,48.53663359772698,56.14500873630709,57.39334137336839,51.43063696863962,54.68926068251426,50.091602439929986,48.29256233624387,59.00222448348875,45.00427825218399,59.05156986905598,60.06025606006021,40.67147134048633,37.45445807911256,31.423139276654076,27.352165362179274,22.87050139371675,16.56282119688551,9.779328504554911,15.725679985297939,13.67789168695235,0.0,7.56766628492563,10.21016718766153,16.38921563101786,31.683455209304444,25.632095154317764,25.576460916240936,14.089219637723026,16.07230646173722,19.807954639487654,19.97023500112105,15.735216744614613,18.744530375552227,25.72597343153413,40.05877033809201,44.50202866162396,49.16105637595677,65,11,76,13663.369127126272,False,False
#0:54.C T CB,3,3,3,3,1,1,1,1,7,7,7,7,0,0,0,0,1.8926,-0.7,45.94312141115359,56.64211910760401,65.33225244854184,66.51040655416263,73.10740905681175,59.02062848699597,66.78378502301288,66.53319494808588,68.5784945956092,59.55367851778763,49.203729878943115,58.90075219383874,60.53902043310579,54.53491268902885,58.43132068505726,52.8965888314171,51.26801308808446,59.660811283454734,46.18431946018042,59.818986325413434,59.586027380586465,40.49137984806149,38.95450712048607,31.67691785827655,29.910202857887803,24.62695549596011,15.789895534803257,10.956053349632798,14.241326412943424,13.498207214293318,7.56766628492563,0.0,6.873743303324617,13.317720150235926,25.130583817333022,18.955209020213942,18.444420402929442,7.317327449280918,10.519117928799918,12.892888194659884,18.50911243144846,16.38387441968474,20.267965413430126,25.855071378745016,41.47577423026603,45.044844921477974,50.97101702928832,65,11,76,13663.369127126272,False,False
#0:56.C R CD,3,3,3,3,1,1,1,1,0,0,0,0,3,3,3,3,1.7,-4.5,46.17589507524461,58.863731668999705,67.17784724892574,70.10535051620525,74.42371756369066,62.650280063220784,70.83083690738094,70.42867342922199,69.51323046730025,63.29240177146068,52.61477010308036,61.01305209543282,63.10883747938952,56.94251611054784,61.49148921598826,56.88754701162637,53.43855186099264,60.418546755114846,48.925382645412185,62.56939911809925,60.14645957992872,41.639871769735315,40.9342977709402,33.46071604135213,32.118315397915865,27.169597899122465,18.552096970423577,13.901511068944986,15.221915943796295,13.529925535641354,10.21016718766153,6.873743303324617,0.0,8.661002540122022,23.48130745933881,19.241117794972304,16.982033417703537,12.226474471408343,11.449931921194974,14.870539902774212,20.71917942390576,17.05771667017599,21.289098736207688,26.291877433914824,40.931574255090645,44.58655358961936,50.543752353777606,65,11,76,13663.369127126272,False,False
#0:57.C K CE,0,0,0,0,0,0,0,0,2,2,2,2,0,0,0,0,1.7,-3.9,54.33084355133832,67.44651364599953,75.6922055168166,78.44313926660507,82.83590313988253,71.11690460783569,79.2264672189793,78.97770329656339,77.83882087364891,71.83260676740056,61.20528898714555,69.5543174864077,71.61714655723168,65.45025718818835,69.82230625666844,65.26541079316058,61.95220849977828,68.63392695307475,57.58001450156122,71.18315708789545,68.06737565824027,49.946065070233516,49.55402636517037,42.01425114172571,40.682190808755614,35.80364206334322,27.121017882815533,22.362933685006542,23.717831561928254,22.06133794673388,16.38921563101786,13.317720150235926,8.661002540122022,0.0,18.911368776479407,16.137492277302552,16.7875168503266,15.538293889613485,18.49605660674728,19.986517405491135,29.17089229008945,25.625680615351477,29.84060036259325,34.6340214529009,48.787554171120334,52.384780442414765,58.3777337090093,65,11,76,13663.369127126272,False,False
#0:62.C K CE,0,0,0,0,0,0,0,0,1,1,1,1,2,2,2,2,1.7,-3.9,64.43117004990674,75.28045798213503,83.41933881900526,89.73341925392123,91.25077170084644,81.63390506401123,89.14456385557114,87.52117662029002,87.34822472151338,78.54719484488291,68.6414205054062,80.58427430956985,83.02224843980076,76.9910394851245,81.93576609759623,75.63335116864783,73.4852110087465,76.59334367946082,66.3081715250843,78.57963149569994,73.9454562228133,57.46324481788337,59.5025623818,50.818729677157414,52.492448599774804,46.9412129157311,36.8285013270972,34.76959881850811,33.815107407784474,34.07606803902118,31.683455209304444,25.130583817333022,23.48130745933881,18.911368776479407,0.0,8.287849540140078,11.317135105670515,21.253805165193366,25.198400445266365,21.889501433335568,37.636731473389126,37.51822844964831,41.86628601870483,44.497757190671976,59.435538956082496,61.334403372006484,69.11820809309222,65,11,76,13663.369127126272,False,False
#0:64.C T CB,2,2,2,2,0,0,0,0,1,1,1,1,0,0,0,0,1.7,-0.7,61.09621034074044,70.95256537997761,79.45994030327483,83.46843403946188,87.60887335196134,75.53801981783742,82.7975313460492,81.61597434938824,83.74997228656258,73.18395844718978,63.40595386081657,75.62861767875967,77.60676461494835,71.67845222240781,75.95614430709341,69.28882704303776,68.36148221769331,73.46186111173607,61.34158264179365,73.91459778690539,71.47375049624861,53.95104155621094,54.84099565106381,46.48351365807021,47.26514502252161,41.62662638264119,31.617908501354094,29.11377292622857,29.4025753463876,29.752084918539747,25.632095154317764,18.955209020213942,19.241117794972304,16.137492277302552,8.287849540140078,0.0,10.926509094857332,13.887780096185276,20.9306872557974,17.393727863801935,32.93509353258314,33.02504598028593,37.25096467207258,40.75238286284618,56.49517909521129,58.7857390954643,66.19810044102474,65,11,76,13663.369127126272,False,False
#0:68.C R CD,1,1,1,1,0,0,0,0,0,0,0,0,2,2,2,2,1.7,-4.5,53.38362109299068,64.16141882003545,72.19354185798062,79.85329238046481,79.97391881732443,71.57378868692086,79.26623716312008,77.25664997914419,76.13793268141708,68.03289034724308,57.988858222937964,69.84794775081083,72.5468341073544,66.51874886075353,71.97253201743008,65.84967466890024,62.9439138757672,65.29563479284047,55.48147979281014,67.60111070833081,62.66527825678268,46.20209213877657,48.67119235235562,39.85064321940111,42.34023990248519,36.83226016687002,26.75315579515807,25.943471028372436,23.573214672589735,24.371919784867174,25.576460916240936,18.444420402929442,16.982033417703537,16.7875168503266,11.317135105670515,10.926509094857332,0.0,15.73855384080761,14.891992009130275,11.712505709710456,27.038319973696584,27.594457794999336,31.81478860530114,33.65013248116565,48.58312682403223,50.24000332404447,58.21637217312669,65,11,76,13663.369127126272,False,False
#0:72.C R CD,0,0,0,0,0,0,0,0,0,0,0,0,4,4,4,4,1.7,-4.5,50.61642861759411,59.69067707774807,68.51723637888499,69.97572902799942,76.77133997788498,62.26717310108112,69.53344079649733,68.92248980557798,72.77762616354012,61.38119993939513,51.49857591234926,63.12537784441373,64.65389449986752,58.81004442270045,62.5130289619692,55.90695810898676,55.674925585940386,63.38254439512506,49.33700174311365,62.445510631269556,62.61989097722863,43.846032397470125,42.95503248747462,35.316070534531434,34.641033558483784,29.06488100784175,19.668299723158576,16.552073284033032,18.79489082171003,19.20389223569014,14.089219637723026,7.317327449280918,12.226474471408343,15.538293889613485,21.253805165193366,13.887780096185276,15.73855384080761,0.0,12.455479476920985,11.050653781564238,21.84177012057401,21.889614569471064,25.668829599340903,30.383161932228177,46.571759436379466,49.50313473912536,56.07186686744075,65,11,76,13663.369127126272,False,False
#0:75.C P CD,0,0,0,0,0,0,0,0,2,2,2,2,7,7,7,7,1.7,-1.6,40.17601815760243,50.909121550071944,59.25500054847692,65.25393899221716,67.06170744172863,57.10071348941272,65.05507944811073,63.45052403250898,62.93481749397547,54.987940650655396,44.53328016214391,55.40184019506933,57.89860244427321,51.83731679012717,57.168352232682025,51.46568289646996,48.29775611765002,52.87838697426388,41.531093773220086,54.39988583627727,51.59975931145416,33.44442563417707,34.38203776683401,25.894611659571183,27.48036973914288,21.956991619982915,11.906088568459415,12.04298306068724,8.921936112750414,10.409883092523183,16.07230646173722,10.519117928799918,11.449931921194974,18.49605660674728,25.198400445266365,20.9306872557974,14.891992009130275,12.455479476920985,0.0,6.08770071537688,12.527491887844109,13.159536503995872,17.209184640766676,19.835616804122825,35.749394372492524,38.1492765855396,45.3994165931678,65,11,76,13663.369127126272,False,False
#0:76.C T CB,0,0,0,0,3,3,3,3,2,2,2,2,0,0,0,0,1.7,-0.7,44.52101125311509,53.733317904257504,62.13883373543472,68.46757070321686,70.32200165666504,60.14335767979703,67.67427601385921,65.73733152478887,66.68436117261678,56.76177358927397,46.75988316922958,59.25150277419131,61.65197032536755,55.74674232634586,60.89807948531711,54.33046290986301,52.335407192454326,56.24267114033615,44.53749882963794,56.84406567971717,54.301887711202085,36.69638649785562,38.21044910754125,29.570089296449545,31.94993397489265,26.28349438335779,16.215460431329113,16.861336038404552,14.387308990912798,16.335474832400816,19.807954639487654,12.892888194659884,14.870539902774212,19.986517405491135,21.889501433335568,17.393727863801935,11.712505709710456,11.050653781564238,6.08770071537688,0.0,16.48638362406989,18.780722163963777,22.539218087591234,24.557291585189116,40.520439410253196,42.31929909627522,50.0415369368288,65,11,76,13663.369127126272,False,False
#0:86.C P CD,3,3,3,3,2,2,2,2,5,5,5,5,8,8,8,8,1.7,-1.6,29.055371998995305,38.72906316966626,47.24913646829961,53.26004974650324,55.167402730235544,44.98345335787372,53.129478531225956,51.34894134254376,51.096637208333,43.1440415121254,32.43738745645216,42.96763863653669,45.51033697963574,39.493977629507015,45.1743417660955,39.68747667715851,35.97338395258361,41.57419377450392,29.0723954809369,42.22472183448933,41.30796499465932,22.140489628732247,21.951434805041792,13.657495597656256,15.837955044765094,10.463139395038196,3.713350239339143,10.453039270948903,5.944356399140285,9.090906940454301,19.97023500112105,18.50911243144846,20.71917942390576,29.17089229008945,37.636731473389126,32.93509353258314,27.038319973696584,21.84177012057401,12.527491887844109,16.48638362406989,0.0,7.458825510762412,8.296889838969783,9.490046733288517,25.727162202621578,28.232329004175348,34.9228508859171,65,11,76,13663.369127126272,False,False
#0:87.C K CE,0,0,0,0,7,7,7,7,8,8,8,8,8,8,8,8,1.7,-3.9,29.654510854168542,42.09447227368458,50.340762201222184,54.716599866950794,57.51432306825839,46.99902796867187,55.568988932677186,54.66681418374406,52.62323156173516,47.60024911699517,36.67384761652368,44.17563611313367,46.63787445842702,40.42116224207315,45.8843643521407,41.83760869122422,36.777654044269866,43.90082293078343,32.308838806122395,46.02029689169768,44.53511704262154,25.45050559419204,23.955832734430253,16.889018799207964,15.736409437988065,11.076335043686607,6.066707179351907,7.135125787258408,4.527733318118458,3.669324052192717,15.735216744614613,16.38387441968474,17.05771667017599,25.625680615351477,37.51822844964831,33.02504598028593,27.594457794999336,21.889614569471064,13.159536503995872,18.780722163963777,7.458825510762412,0.0,4.412220869358193,10.042819375055986,25.149967654054745,29.016828513812463,34.59219891825323,65,11,76,13663.369127126272,False,False
#0:88.C P CD,4,4,4,4,2,2,2,2,8,8,8,8,8,8,8,8,1.7,-1.6,25.946643925563862,38.2914416155882,46.5219357507832,50.582527081987514,53.60309674822901,42.921240627456235,51.61775859139952,50.785511674098544,48.623910836130825,44.07414431387182,33.12127138260244,39.824873395906735,42.28483194953009,36.05494939671945,41.637651002428086,37.96368369903005,32.39868747341472,40.33213380172192,28.42678036640801,42.258721360211545,41.58055104252467,22.374081567742625,19.8786707050547,13.591662628243824,11.475550052176148,7.420237529890799,7.596198852057509,9.932887042547087,8.317986535213906,8.05720857369349,18.744530375552227,20.267965413430126,21.289098736207688,29.84060036259325,41.86628601870483,37.25096467207258,31.81478860530114,25.668829599340903,17.209184640766676,22.539218087591234,8.296889838969783,4.412220869358193,0.0,7.6934097772054155,21.84202614227902,26.02317651632867,31.004198860799487,65,11,76,13663.369127126272,False,False
#0:89.C R CD,1,1,1,1,5,5,5,5,2,2,2,2,3,3,3,3,1.7,-4.5,20.435643102187907,33.42244109875878,41.23311162160819,50.04442226662228,48.23373030359564,41.98482662819986,50.737691807964616,48.695712603883315,43.51920395641447,40.83015112634289,29.88023918913635,37.03527876228287,40.40772613003607,34.25095388452707,41.248311444227625,37.78181459379631,30.36529785791669,34.148656357168726,24.938629793956206,37.8604401057357,34.528182966961936,15.75086175420254,16.358282336480197,8.735028162518999,12.447073993513495,10.044762266972773,11.647112646488827,16.557904486981425,11.795436999111132,12.962280432084464,25.72597343153413,25.855071378745016,26.291877433914824,34.6340214529009,44.497757190671976,40.75238286284618,33.65013248116565,30.383161932228177,19.835616804122825,24.557291585189116,9.490046733288517,10.042819375055986,7.6934097772054155,0.0,16.370917262022925,19.357656521387096,25.80499844991277,65,11,76,13663.369127126272,False,False
#0:94.C T CB,0,0,0,0,3,3,3,3,5,5,5,5,0,0,0,0,1.7,-0.7,6.94838808645573,26.24390041514408,31.495185378085964,45.547292389339674,36.035191951757376,38.569179547924016,47.51486876757632,44.975916244141146,30.16968659101384,38.49161172255585,28.991146752068975,28.154212917430314,33.0399592463429,27.510711259434938,36.45201186491632,36.99627129860521,23.555087730679336,22.07409529289931,22.404724591032128,31.97064792899887,24.611529554255647,13.298711441338972,15.056806600338597,15.837914035629822,18.956132385062105,21.69144902951391,27.707062727759507,31.746535637766836,27.80607555912916,28.0613690685255,40.05877033809201,41.47577423026603,40.931574255090645,48.787554171120334,59.435538956082496,56.49517909521129,48.58312682403223,46.571759436379466,35.749394372492524,40.520439410253196,25.727162202621578,25.149967654054745,21.84202614227902,16.370917262022925,0.0,6.475330570712183,9.739303311839098,65,11,76,13663.369127126272,False,False
#0:96.C P CD,0,0,0,0,0,0,0,0,5,5,5,5,4,4,4,4,1.7,-1.6,6.952598003624254,23.872138928047487,28.27805003885523,47.03489842659385,32.79794092622279,39.830980969592005,48.31987659338546,44.62701988705946,27.68279734781151,37.0470016195643,28.28407866627443,28.770266543777453,34.21137344509863,29.22124384758459,38.711282812637464,38.77490884579873,25.504489526355943,17.808393442419224,22.388841551094156,29.765240046067166,18.745196211296374,11.339872926977637,16.973924384184116,17.548404628341586,23.220002347114445,25.51264433570147,30.81232027939474,35.70859113714793,30.926546654937084,31.773331993985142,44.50202866162396,45.044844921477974,44.58655358961936,52.384780442414765,61.334403372006484,58.7857390954643,50.24000332404447,49.50313473912536,38.1492765855396,42.31929909627522,28.232329004175348,29.016828513812463,26.02317651632867,19.357656521387096,6.475330570712183,0.0,9.631380949791156,65,11,76,13663.369127126272,True,False
#0:97.C R CD,0,0,0,0,2,2,2,2,3,3,3,3,2,2,2,2,1.7,-4.5,6.989701281170754,23.279761467850147,25.985418007028493,42.729185962290465,28.387804247599007,36.83039877601111,45.24839472290702,42.43653778290591,21.8362837955546,37.319385069960624,29.78678480467471,23.61914185570678,29.18644490170051,24.85077099407582,34.251542651390174,37.07179384653513,21.559511891506265,16.115713636075824,23.398831616129904,29.13377160616182,21.07829523467209,18.101467150482602,19.231428392087786,23.381581084263754,25.83207266171262,29.72140309608549,36.88044134768455,40.93223245805192,37.37902485351912,37.632637709839045,49.16105637595677,50.97101702928832,50.543752353777606,58.3777337090093,69.11820809309222,66.19810044102474,58.21637217312669,56.07186686744075,45.3994165931678,50.0415369368288,34.9228508859171,34.59219891825323,31.004198860799487,25.80499844991277,9.739303311839098,9.631380949791156,0.0,65,11,76,13663.369127126272,True,False
